Date first seen,Duration,Proto,Src IP Addr,Src Pt,Dst IP Addr,Dst Pt,Packets,Bytes,Flows,Flags
2017-04-11 15:31:29.795,0.639,TCP,11529_47,80,192.168.220.14,41413,4,6664,1,.AP...
2017-04-09 09:19:58.215,0.417,TCP,10074_40,443,192.168.200.8,53727,3,215,1,.AP..F
2017-04-05 10:44:33.229,0.0,TCP,14193_96,443,192.168.200.4,60112,1,66,1,.A....
2017-04-10 09:50:01.571,0.021,TCP,192.168.220.16,37818,10163_9,443,3,193,1,.AP..F
2017-04-11 17:14:48.095,0.0,TCP,192.168.220.14,54487,13192_26,443,1,66,1,.A....
2017-04-10 10:11:12.982,0.0,TCP,10990_22,443,192.168.220.12,44823,1,330,1,.AP...
2017-04-07 07:09:50.417,0.014,TCP,192.168.220.16,36228,10057_29,80,2,563,1,.AP...
2017-04-08 12:06:09.382,0.033,TCP,192.168.220.14,40459,10456_29,80,2,132,1,.A...F
2017-04-11 08:42:47.420,0.0,UDP,192.168.220.4,56047,DNS,53,1,85,1,......
2017-04-10 09:55:57.639,0.0,TCP,10163_16,80,192.168.220.16,37466,1,54,1,.A...F
2017-04-11 11:34:14.842,0.177,TCP,192.168.100.4,587,192.168.220.4,43221,5,547,1,.AP...
2017-04-11 06:53:18.946,0.0,TCP,192.168.210.5,51621,11632_165,443,1,55,1,.A....
2017-04-10 11:27:46.241,3.943,TCP,10193_2,443,192.168.220.8,43691,71,67631,1,.AP...
2017-04-05 18:34:57.754,0.026,TCP,10499_66,80,192.168.200.9,57712,3,1850,1,.AP.S.
2017-04-11 07:54:14.383,0.033,TCP,192.168.220.9,45077,10001_232,443,3,174,1,.A.R.F
2017-04-05 12:51:54.088,0.0,TCP,11316_21,443,192.168.220.15,36084,1,66,1,.A....
2017-04-09 16:00:15.580,0.0,UDP,192.168.200.8,54249,DNS,53,1,73,1,......
2017-04-10 07:06:54.330,0.0,UDP,DNS,53,192.168.220.10,59539,1,110,1,......
2017-04-07 17:12:26.008,0.0,TCP,192.168.220.14,45830,10078_100,80,1,66,1,.A....
2017-04-11 12:20:31.385,0.0,TCP,192.168.220.4,43141,10847_122,443,1,66,1,.A....
2017-04-10 13:55:56.036,0.036,TCP,192.168.220.9,47321,10296_238,443,2,132,1,.A...F
2017-04-10 17:28:13.919,0.0,TCP,192.168.100.5,445,192.168.220.15,56413,1,108,1,.AP...
2017-04-06 17:50:37.267,0.0,TCP,192.168.220.15,44445,10084_230,80,1,66,1,.A....
2017-04-06 10:14:24.206,1.286,TCP,11184_35,443,192.168.220.5,58527,6,587,1,.AP.SF
2017-04-11 06:30:44.971,0.0,TCP,192.168.210.5,49161,10789_31,443,1,55,1,.A....
2017-04-11 19:56:07.947,0.0,UDP,192.168.210.5,62077,DNS,53,1,76,1,......
2017-04-07 12:55:30.607,1.051,TCP,10784_4,443,192.168.220.16,37879,7,798,1,.AP.SF
2017-04-07 22:30:13.876,0.008,TCP,192.168.220.16,48958,192.168.100.5,445,2,174,1,.AP...
2017-04-11 15:55:45.269,0.672,TCP,192.168.210.5,49295,10095_80,443,8,1107,1,.AP.S.
2017-04-07 15:41:08.546,0.006,TCP,10004_7,443,192.168.220.8,56458,5,8075,1,.AP...
2017-04-05 07:44:57.489,0.031,UDP,DNS,53,192.168.220.6,35438,2,332,1,......
2017-04-07 14:45:17.990,0.0,TCP,192.168.220.11,46286,10296_238,80,1,66,1,.A....
2017-04-08 18:06:05.474,0.322,TCP,10296_232,443,192.168.220.14,53737,25,28919,1,.AP.S.
2017-04-08 11:13:26.011,0.0,TCP,192.168.220.14,56772,10085_31,80,1,66,1,.A...F
2017-04-06 17:39:14.213,0.0,UDP,DNS,53,192.168.220.9,48276,1,90,1,......
2017-04-06 11:19:58.235,0.0,TCP,10296_238,80,192.168.220.6,53763,1,66,1,.A....
2017-04-06 17:53:51.295,0.0,TCP,10071_22,80,192.168.220.7,51509,1,66,1,.A...F
2017-04-05 12:04:47.357,0.0,TCP,12935_230,80,192.168.220.13,36548,1,259,1,.AP...
2017-04-07 18:11:18.997,0.0,TCP,192.168.210.5,53026,10575_197,443,1,55,1,.A....
2017-04-11 12:58:25.611,0.0,TCP,10081_164,443,192.168.220.11,43159,1,66,1,.A....
2017-04-05 11:53:56.280,0.0,TCP,192.168.220.13,42418,10063_33,80,1,66,1,.A....
2017-04-07 12:04:13.376,0.0,TCP,10296_230,80,192.168.210.4,54394,1,66,1,.A....
2017-04-06 11:28:29.223,0.0,TCP,192.168.220.6,32785,10063_33,80,1,66,1,.A....
2017-04-07 12:06:20.031,0.0,UDP,192.168.200.8,52489,DNS,53,1,72,1,......
2017-04-08 17:09:37.571,1.137,TCP,192.168.220.7,33345,15282_53,443,3,526,1,.AP...
2017-04-11 10:57:01.944,0.0,TCP,10060_27,80,192.168.220.15,43300,1,66,1,.A....
2017-04-11 15:24:41.060,0.766,TCP,192.168.200.8,52349,10433_120,443,4,692,1,.APR..
2017-04-11 09:41:07.636,0.0,UDP,DNS,53,192.168.200.8,64400,1,252,1,......
2017-04-11 19:32:33.371,0.0,TCP,192.168.100.5,445,192.168.220.4,46009,1,70,1,.AP...
2017-04-08 16:36:15.974,0.0,TCP,10104_157,443,192.168.220.14,46731,1,535,1,.AP...
2017-04-10 15:43:29.477,0.0,TCP,192.168.220.14,35987,12219_168,443,1,66,1,.A....
2017-04-10 18:50:04.773,0.0,TCP,13892_169,80,192.168.220.15,37737,1,66,1,.A....
2017-04-08 23:40:08.692,0.247,TCP,192.168.200.8,50070,10296_238,443,2,166,1,.AP...
2017-04-06 17:26:03.209,0.0,TCP,11142_116,443,192.168.220.9,38472,1,66,1,.A....
2017-04-06 01:07:26.942,0.002,TCP,192.168.220.10,45461,192.168.100.5,445,2,174,1,.AP...
2017-04-05 17:24:15.150,0.0,TCP,10499_34,80,192.168.200.9,56425,1,496,1,.AP...
2017-04-06 11:01:58.958,0.175,TCP,192.168.220.12,57888,10447_157,443,2,1375,1,.AP...
2017-04-11 08:55:41.556,0.0,TCP,192.168.210.5,54415,10394_149,443,1,55,1,.A....
2017-04-05 14:06:01.928,0.04,TCP,192.168.220.8,53353,10095_80,80,2,132,1,.A...F
2017-04-07 10:00:08.128,0.316,TCP,192.168.200.8,60572,10194_100,80,2,523,1,.AP...
2017-04-10 12:38:40.029,0.0,TCP,192.168.220.6,44534,10124_1,80,1,66,1,.A....
2017-04-09 11:09:28.506,0.0,TCP,192.168.200.8,61019,10158_155,443,1,55,1,.A....
2017-04-06 16:13:02.023,0.0,TCP,192.168.220.13,57820,10145_17,80,1,66,1,.A....
2017-04-10 16:34:51.053,0.018,TCP,192.168.220.14,40689,10073_64,443,3,215,1,.AP..F
2017-04-09 20:11:30.231,1.825,TCP,10296_238,443,192.168.200.8,62370,8,772,1,.AP...
2017-04-07 07:43:31.045,0.0,TCP,10056_137,443,192.168.220.15,56244,1,66,1,.A....
2017-04-11 11:52:44.038,1.877,TCP,192.168.210.5,61676,10068_98,443,29,3742,1,.AP.S.
2017-04-07 16:31:01.525,0.015,TCP,192.168.200.8,51635,13365_222,443,3,193,1,.APR.F
2017-04-09 18:28:06.924,0.107,TCP,14645_180,443,192.168.200.9,64481,5,535,1,.AP.S.
2017-04-08 17:50:53.108,0.855,TCP,192.168.220.14,60088,10185_51,443,10,1412,1,.AP.S.
2017-04-05 15:44:10.775,0.022,TCP,10415_65,443,192.168.220.14,57074,2,1120,1,.AP...
2017-04-07 10:45:16.733,0.0,TCP,192.168.200.4,58741,10055_190,443,1,66,1,.A....
2017-04-06 15:18:17.345,0.0,TCP,192.168.220.15,57287,16841_133,443,1,66,1,.A....
2017-04-08 16:02:59.925,0.015,TCP,192.168.220.14,49622,10675_8,80,2,132,1,.A...F
2017-04-06 14:15:32.687,0.0,TCP,10296_232,80,192.168.220.7,51064,1,74,1,.A..S.
2017-04-07 14:01:40.187,0.003,TCP,12189_210,443,192.168.200.9,52023,4,269,1,.AP..F
2017-04-11 19:26:17.652,0.071,TCP,10223_24,80,192.168.210.5,57665,4,5134,1,.AP.S.
2017-04-05 14:48:19.917,0.0,TCP,10223_4,80,192.168.220.8,53670,1,66,1,.A....
2017-04-07 11:54:04.935,0.0,TCP,192.168.210.5,53550,12843_49,80,1,55,1,.A....
2017-04-10 16:20:05.318,0.822,TCP,192.168.220.8,34761,10296_226,443,21,3962,1,.AP...
2017-04-07 10:49:42.573,2.679,TCP,192.168.210.5,49249,10278_34,80,7,4739,1,.AP...
2017-04-07 13:05:30.000,0.0,TCP,192.168.220.10,38050,10171_252,443,1,66,1,.A....
2017-04-11 07:57:23.419,0.0,TCP,192.168.220.9,35107,10415_65,443,2,108,1,...R..
2017-04-05 16:59:40.500,0.02,TCP,10223_61,80,192.168.200.5,41880,2,132,1,.A...F
2017-04-07 09:43:02.545,0.431,TCP,192.168.220.11,53646,13201_231,80,4,637,1,.AP.S.
2017-04-11 11:02:01.375,0.0,TCP,12392_18,80,192.168.220.11,53743,1,54,1,.A....
2017-04-11 16:03:09.662,0.0,UDP,192.168.220.16,42789,DNS,53,1,109,1,......
2017-04-08 19:33:34.310,1.63,TCP,10296_238,443,192.168.200.8,65380,6,695,1,.AP...
2017-04-05 14:31:42.616,0.0,TCP,13817_125,80,192.168.220.9,52392,1,66,1,.A....
2017-04-05 12:54:31.341,0.243,TCP,192.168.220.13,45121,10139_57,80,5,1389,1,.AP.SF
2017-04-05 12:52:37.293,0.003,TCP,11196_175,443,192.168.220.7,52444,4,295,1,.AP..F
2017-04-10 17:46:05.988,0.0,UDP,192.168.210.5,63007,DNS,53,1,75,1,......
2017-04-11 06:17:52.650,0.286,TCP,10117_80,443,192.168.220.11,49995,6,569,1,.AP.S.
2017-04-06 16:29:35.138,0.0,TCP,10064_169,443,192.168.220.4,41421,1,66,1,.A....
2017-04-06 18:06:15.463,0.0,TCP,192.168.210.5,56588,11050_130,443,1,55,1,.A....
2017-04-08 07:09:30.971,1.559,TCP,10073_64,443,192.168.220.7,43683,8,12557,1,.AP.S.
2017-04-05 10:13:31.748,0.024,TCP,10060_27,80,192.168.210.4,57725,4,2008,1,.AP.S.
2017-04-05 14:14:27.243,0.0,TCP,192.168.210.5,61681,13370_152,80,1,55,1,.A....
2017-04-10 13:23:55.815,0.0,TCP,10012_11,80,192.168.220.13,48274,1,66,1,.A...F
2017-04-07 17:10:42.071,0.0,TCP,192.168.220.14,52009,10068_34,80,1,66,1,.A....
2017-04-06 17:14:54.554,0.0,TCP,10296_225,443,192.168.220.4,50538,2,178,1,.AP...
2017-04-07 07:58:56.620,0.143,TCP,10296_238,443,192.168.210.5,50884,10,1143,1,.AP.S.
2017-04-11 13:31:55.106,0.265,TCP,192.168.220.13,45539,11297_33,443,29,2627,1,.AP.S.
2017-04-06 16:43:16.201,0.0,TCP,192.168.210.5,52764,10440_225,443,1,55,1,.A....
2017-04-11 00:15:14.825,0.155,TCP,14645_180,443,192.168.200.9,65492,5,535,1,.AP.S.
2017-04-07 14:17:06.110,0.201,TCP,192.168.220.11,35545,10372_161,80,4,672,1,.AP.S.
2017-04-06 10:43:45.333,0.0,TCP,192.168.220.10,53610,10199_162,80,1,66,1,.A....
2017-04-06 10:10:47.412,0.0,TCP,10060_27,80,192.168.220.4,50531,1,66,1,.A....
2017-04-05 10:03:06.129,0.0,TCP,192.168.210.4,54192,10195_190,80,1,55,1,.A....
2017-04-11 04:50:38.901,0.0,TCP,192.168.100.5,445,192.168.220.12,58447,1,108,1,.AP...
2017-04-07 17:01:33.296,0.0,TCP,10056_33,80,192.168.220.6,38733,1,66,1,.A....
2017-04-11 12:39:39.523,0.0,TCP,10793_161,80,192.168.200.8,56528,1,66,1,.A....
2017-04-05 09:02:54.980,0.0,TCP,192.168.220.7,38604,10678_165,80,1,54,1,.A....
2017-04-09 12:30:03.635,0.0,TCP,10060_27,80,192.168.200.8,54814,1,66,1,.A....
2017-04-10 09:40:02.179,0.025,TCP,10499_46,443,192.168.200.8,49543,5,330,1,.APR.F
2017-04-05 11:26:51.008,0.0,TCP,10199_14,80,192.168.220.4,54749,1,66,1,.A....
2017-04-06 18:26:09.429,0.03,TCP,10263_186,80,192.168.220.7,38467,3,768,1,.AP.S.
2017-04-10 10:55:33.144,0.0,UDP,192.168.200.9,50133,DNS,53,1,75,1,......
2017-04-10 08:22:56.830,0.0,UDP,192.168.220.15,137,192.168.220.255,137,1,92,1,......
2017-04-11 10:49:33.221,0.0,TCP,10101_145,80,192.168.220.15,51428,1,66,1,.A....
2017-04-06 10:44:28.273,0.747,TCP,10074_40,80,192.168.220.10,48286,4,914,1,.AP.SF
2017-04-06 18:29:18.960,0.0,TCP,10077_154,80,192.168.220.7,36561,1,78,1,.A....
2017-04-05 07:38:49.383,0.027,TCP,11318_105,443,192.168.220.6,37473,3,229,1,.AP..F
2017-04-11 18:28:09.494,0.022,TCP,192.168.200.4,59662,EXT_SERVER,8082,2,338,1,.AP...
2017-04-07 08:35:59.089,0.0,TCP,12663_172,443,192.168.220.4,40204,1,54,1,.A....
2017-04-07 17:16:33.761,0.23,TCP,10118_111,443,192.168.220.15,34542,9,3967,1,.APRSF
2017-04-06 16:26:11.118,0.0,TCP,12926_73,443,192.168.220.4,56857,1,66,1,.A....
2017-04-10 08:45:44.760,0.0,UDP,DNS,53,192.168.220.4,45381,2,492,1,......
2017-04-05 10:45:38.638,0.221,TCP,192.168.200.8,49815,14252_170,443,2,154,1,.AP...
2017-04-08 22:05:20.491,0.0,TCP,192.168.100.5,445,192.168.200.5,35615,1,108,1,.AP...
2017-04-06 13:38:22.907,0.061,UDP,192.168.220.15,41850,DNS,53,2,178,1,......
2017-04-05 11:10:11.392,0.028,TCP,192.168.200.4,51251,13840_108,443,3,162,1,...R..
2017-04-07 10:43:27.135,0.001,TCP,192.168.220.8,60156,10223_2,443,9,1980,1,.AP...
2017-04-09 05:50:47.531,0.0,TCP,192.168.100.5,445,192.168.220.4,37171,1,108,1,.AP...
2017-04-06 14:53:02.126,0.0,TCP,10001_232,80,192.168.200.4,33783,1,66,1,.A....
2017-04-07 18:54:41.807,0.0,TCP,10837_82,443,192.168.220.8,41326,1,66,1,.A....
2017-04-10 14:40:48.666,0.013,TCP,10775_240,80,192.168.220.4,58359,2,132,1,.A...F
2017-04-11 15:53:01.008,0.0,TCP,13364_195,443,192.168.220.4,44860,1,66,1,.A....
2017-04-07 12:02:25.166,0.0,TCP,192.168.220.6,44119,16678_97,443,1,66,1,.A....
2017-04-08 13:50:53.761,1.907,TCP,192.168.220.7,47616,11014_185,443,82,7570,1,.AP.S.
2017-04-07 18:11:36.165,0.0,UDP,DNS,53,192.168.210.5,62367,1,273,1,......
2017-04-05 17:24:32.760,0.0,TCP,192.168.100.5,445,192.168.220.10,45461,1,70,1,.AP...
2017-04-06 12:19:05.396,0.071,TCP,10194_100,80,192.168.220.12,36756,3,894,1,.AP.S.
2017-04-11 13:00:28.623,0.0,TCP,192.168.220.8,39152,13575_232,443,1,66,1,.A....
2017-04-07 07:10:30.935,1.008,TCP,192.168.220.15,58877,10135_187,80,4,830,1,.AP.S.
2017-04-06 10:40:56.822,0.0,TCP,192.168.220.10,60140,10118_111,443,1,66,1,.A....
2017-04-11 16:00:41.243,0.0,TCP,10076_237,80,192.168.220.4,38297,1,66,1,.A....
2017-04-11 10:48:00.231,0.52,TCP,192.168.220.15,56861,14193_120,80,672,56901,1,.APRS.
2017-04-05 09:33:35.780,0.031,UDP,DNS,53,192.168.220.6,39918,2,249,1,......
2017-04-05 12:11:29.552,0.0,TCP,192.168.220.14,46862,10194_100,80,1,66,1,.A....
2017-04-05 16:13:55.611,0.0,UDP,192.168.220.8,52126,DNS,53,2,154,1,......
2017-04-10 19:34:55.760,0.0,TCP,192.168.100.5,445,192.168.220.16,55341,1,108,1,.AP...
2017-04-11 11:11:10.201,0.095,TCP,10244_15,443,192.168.220.16,58514,6,4366,1,.AP.S.
2017-04-06 10:26:20.618,0.0,TCP,192.168.220.12,58414,16720_189,443,1,66,1,.A....
2017-04-10 14:44:17.919,0.0,UDP,DNS,53,192.168.220.14,39307,2,236,1,......
2017-04-10 13:02:39.920,0.056,TCP,10235_219,443,192.168.220.6,52945,7,1434,1,.AP.SF
2017-04-11 15:51:33.731,0.0,TCP,10070_48,80,192.168.220.9,49230,1,62,1,.A..S.
2017-04-06 18:28:00.697,0.0,TCP,192.168.220.7,52468,10642_17,443,1,66,1,.A....
2017-04-07 08:30:59.025,0.019,UDP,DNS,53,192.168.220.15,40248,2,310,1,......
2017-04-05 10:01:59.292,0.0,TCP,192.168.220.11,51702,10969_100,443,1,66,1,.A....
2017-04-05 08:39:01.348,0.0,UDP,DNS,53,192.168.220.13,43408,1,145,1,......
2017-04-07 17:16:14.671,0.101,TCP,192.168.220.15,42500,10637_200,443,10,1068,1,.AP.S.
2017-04-10 16:59:44.980,0.0,TCP,192.168.220.10,50036,10642_42,443,1,66,1,.A....
2017-04-06 11:11:35.534,0.0,TCP,10077_156,80,192.168.200.9,49985,1,66,1,.A....
2017-04-11 16:33:49.526,0.582,TCP,10784_4,443,192.168.220.9,38793,6,788,1,.AP.SF
2017-04-10 14:10:56.478,0.24,TCP,11536_57,443,192.168.220.15,34459,6,4876,1,.AP.S.
2017-04-07 11:24:48.220,0.0,TCP,15677_147,443,192.168.220.11,49171,1,66,1,.A....
2017-04-05 13:19:16.834,0.178,TCP,192.168.220.14,47168,10169_169,80,2,132,1,.A...F
2017-04-07 14:21:09.854,0.189,TCP,192.168.200.4,44991,10784_4,443,29,2718,1,.AP.S.
2017-04-08 16:50:34.858,0.0,TCP,10429_162,443,192.168.220.14,48336,1,66,1,.A....
2017-04-06 06:15:32.101,0.0,TCP,10389_108,443,192.168.220.4,34430,1,66,1,.A....
2017-04-06 11:00:41.789,0.0,TCP,192.168.220.12,58315,12186_94,443,1,66,1,.A....
2017-04-11 10:10:53.442,0.558,TCP,192.168.220.8,45072,10035_234,443,10,1523,1,.AP.S.
2017-04-06 11:19:52.624,0.004,TCP,10305_138,443,192.168.220.4,34493,3,198,1,.A...F
2017-04-08 17:28:13.619,0.0,TCP,192.168.100.5,445,192.168.220.13,56243,1,108,1,.AP...
2017-04-09 12:34:22.517,0.0,UDP,DNS,53,192.168.200.8,53048,1,89,1,......
2017-04-06 17:32:55.005,0.0,TCP,192.168.200.8,58716,10313_131,80,1,55,1,.A....
2017-04-05 10:59:14.920,0.0,TCP,192.168.100.5,445,192.168.220.14,38583,1,108,1,.AP...
2017-04-07 18:57:21.989,0.0,TCP,10341_141,443,192.168.220.8,59364,1,66,1,.A....
2017-04-11 08:42:11.997,45.047,TCP,EXT_SERVER,8082,192.168.200.5,49779,13182,58900000,1,.AP...
2017-04-09 21:37:07.853,0.002,TCP,192.168.220.12,43950,192.168.100.5,445,2,174,1,.AP...
2017-04-07 13:17:27.889,0.0,TCP,192.168.220.8,50307,10012_19,80,1,66,1,.A....
2017-04-10 17:10:12.379,0.0,TCP,10078_77,443,192.168.210.5,58665,1,54,1,.A....
2017-04-10 14:38:57.255,0.0,TCP,192.168.200.4,53220,11184_35,443,4,216,1,...R..
2017-04-07 06:00:05.881,0.0,UDP,192.168.100.4,33603,DNS,53,1,74,1,......
2017-04-11 17:36:24.805,0.0,TCP,192.168.200.9,56451,10057_29,80,1,55,1,.A....
2017-04-09 00:27:00.997,0.0,TCP,192.168.100.5,445,192.168.220.14,53240,1,70,1,.AP...
2017-04-11 16:05:37.865,0.026,TCP,192.168.220.16,36773,10793_174,80,2,140,1,.A..S.
2017-04-05 10:18:16.338,0.0,TCP,192.168.220.16,35518,10063_205,80,1,66,1,.A....
2017-04-07 19:01:13.716,0.0,TCP,10034_8,443,192.168.220.8,41214,1,66,1,.A....
2017-04-11 10:10:42.140,0.003,UDP,192.168.200.4,46012,DNS,53,2,146,1,......
2017-04-10 12:43:39.924,0.376,TCP,12121_159,443,192.168.220.16,60960,4,409,1,.AP.S.
2017-04-07 04:29:59.848,0.0,TCP,192.168.100.5,445,192.168.220.15,58112,1,108,1,.AP...
2017-04-10 14:35:55.529,0.0,TCP,192.168.200.4,59081,10191_163,443,1,66,1,.A....
2017-04-07 13:48:23.004,0.376,TCP,192.168.200.4,47665,10084_230,443,10,1570,1,.AP.S.
2017-04-06 10:16:17.925,0.0,TCP,10001_232,443,192.168.220.13,59481,1,66,1,.A....
2017-04-05 15:33:53.033,0.779,TCP,192.168.220.11,39466,11744_27,80,25,3898,1,.AP...
2017-04-11 17:11:23.444,0.0,TCP,12424_172,80,192.168.220.13,60540,1,66,1,.A....
2017-04-08 07:39:06.900,0.0,UDP,192.168.200.9,62807,DNS,53,1,75,1,......
2017-04-10 11:34:15.367,0.0,TCP,10060_27,80,192.168.220.13,57686,1,66,1,.A....
2017-04-05 13:12:46.347,0.036,UDP,DNS,53,192.168.220.9,41375,2,316,1,......
2017-04-08 11:14:34.271,0.003,UDP,DNS,53,192.168.220.14,39520,2,375,1,......
2017-04-07 14:34:31.380,0.0,TCP,10296_226,80,192.168.220.11,52650,1,66,1,.A....
2017-04-07 12:49:07.265,0.0,TCP,192.168.220.8,48084,12376_226,443,1,66,1,.A....
2017-04-07 15:34:22.358,0.0,TCP,10056_157,443,192.168.200.5,49714,1,66,1,.A....
2017-04-07 14:17:38.408,0.0,TCP,10586_50,80,192.168.220.11,36200,2,108,1,.A...F
2017-04-06 16:28:04.885,0.279,TCP,192.168.220.13,49756,10321_204,443,11,2076,1,.AP.S.
2017-04-05 16:47:54.123,0.217,TCP,192.168.200.8,59631,11201_157,443,2,149,1,.AP...
2017-04-06 07:27:02.219,6.255,TCP,192.168.220.6,59883,10068_2,443,226,29738,1,.AP.S.
2017-04-11 09:13:57.677,0.0,TCP,10337_70,443,192.168.220.4,43958,1,66,1,.A....
2017-04-08 13:58:51.345,0.0,TCP,15885_43,443,192.168.220.7,51584,1,66,1,.A....
2017-04-10 17:27:31.091,0.033,UDP,DNS,53,192.168.220.13,38208,2,231,1,......
2017-04-06 10:21:39.018,0.03,TCP,192.168.200.4,52963,10296_228,443,3,396,1,.AP...
2017-04-10 13:17:42.045,0.0,TCP,10070_48,443,192.168.220.6,47941,2,1989,1,.AP...
2017-04-06 17:15:29.264,1.304,TCP,192.168.220.4,38609,10098_124,80,15,4565,1,.AP...
2017-04-10 12:00:36.850,0.0,UDP,DNS,53,192.168.220.13,54384,2,350,1,......
2017-04-10 06:04:27.335,0.0,TCP,10135_23,80,192.168.220.6,33661,1,74,1,.A..S.
2017-04-05 12:10:28.680,0.02,TCP,192.168.220.14,39862,10725_50,80,2,547,1,.AP...
2017-04-11 10:26:50.269,0.034,TCP,192.168.220.11,55857,10206_7,80,2,108,1,.A...F
2017-04-06 16:51:21.101,0.0,UDP,DNS,53,192.168.210.5,64013,1,122,1,......
2017-04-06 11:52:45.087,0.0,TCP,192.168.220.7,49282,10261_95,443,1,66,1,.A....
2017-04-08 15:01:09.394,0.128,TCP,10162_129,443,192.168.210.5,57839,5,684,1,.AP...
2017-04-07 14:01:27.965,0.066,TCP,10554_220,80,192.168.200.9,51988,5,12943,1,.AP.S.
2017-04-07 12:22:47.759,0.485,TCP,10244_15,443,192.168.210.5,57932,7,4858,1,.AP.S.
2017-04-10 11:24:05.309,0.0,TCP,10315_252,443,192.168.220.8,35562,1,66,1,.A....
2017-04-05 10:24:22.347,0.005,TCP,192.168.220.8,44690,192.168.100.5,445,2,174,1,.AP...
2017-04-11 07:53:09.038,0.0,TCP,10082_245,443,192.168.220.11,56834,1,66,1,.A....
2017-04-06 15:49:31.543,0.381,TCP,192.168.200.9,55860,10135_93,443,8,810,1,.AP.S.
2017-04-05 16:11:31.015,0.0,TCP,10078_76,80,192.168.220.6,60656,1,66,1,.A....
2017-04-05 09:35:21.842,0.0,TCP,192.168.220.4,43994,10057_29,80,1,66,1,.A....
2017-04-06 14:50:27.028,0.003,UDP,192.168.220.10,59864,DNS,53,4,256,1,......
2017-04-10 07:06:33.791,1.117,TCP,192.168.220.15,46137,10704_25,80,3,206,1,.A..S.
2017-04-10 10:39:13.152,0.0,TCP,15843_236,80,192.168.210.4,56338,1,66,1,.A....
2017-04-09 11:11:26.006,0.0,TCP,192.168.200.8,61397,10012_81,80,1,55,1,.A....
2017-04-11 11:54:23.017,0.027,TCP,10163_11,443,192.168.210.5,62548,3,193,1,.AP..F
2017-04-10 13:35:14.538,0.182,TCP,192.168.220.16,58938,10347_96,80,2,128,1,.A..S.
2017-04-05 09:14:45.593,0.618,TCP,192.168.220.7,34564,14253_147,443,7,1038,1,.AP.SF
2017-04-08 11:01:48.520,0.0,TCP,EXT_SERVER,8082,192.168.220.13,45623,1,212,1,.AP...
2017-04-05 09:04:10.374,0.0,TCP,10088_9,80,192.168.220.7,59917,1,66,1,.A....
2017-04-10 16:19:55.567,0.001,UDP,DNS,53,192.168.220.14,60324,2,372,1,......
2017-04-06 16:26:50.640,0.0,TCP,192.168.220.13,45203,16782_187,80,1,66,1,.A....
2017-04-10 17:21:13.244,0.0,TCP,192.168.210.5,60263,10191_163,443,1,55,1,.A....
2017-04-10 03:25:59.555,0.025,TCP,192.168.200.8,64107,10296_238,443,5,393,1,.AP..F
2017-04-05 14:59:28.715,0.0,UDP,192.168.220.7,53302,DNS,53,1,78,1,......
2017-04-05 13:19:48.707,0.0,TCP,192.168.220.14,35836,10058_155,443,1,66,1,.A....
2017-04-11 10:27:12.437,0.0,TCP,11014_185,443,192.168.220.13,35915,1,66,1,.A....
2017-04-05 10:51:52.135,0.0,TCP,10060_27,80,192.168.220.5,54073,1,66,1,.A....
2017-04-11 06:10:00.871,0.0,TCP,10415_65,443,192.168.220.9,57552,1,66,1,.A....
2017-04-06 15:57:51.516,0.015,TCP,192.168.220.15,50419,10796_85,443,3,251,1,.AP..F
2017-04-05 17:55:40.541,0.0,TCP,10098_125,443,192.168.200.8,54968,1,54,1,.A....
2017-04-07 17:01:11.417,0.0,TCP,10384_183,80,192.168.220.8,38633,1,54,1,.A....
2017-04-11 19:35:22.188,0.0,UDP,192.168.210.4,49201,10031_250,1900,1,175,1,......
2017-04-05 16:15:22.400,0.0,TCP,10495_108,80,192.168.220.8,53292,1,66,1,.A....
2017-04-07 13:46:18.449,0.002,UDP,192.168.220.6,48903,DNS,53,2,142,1,......
2017-04-08 14:50:50.147,0.0,TCP,192.168.100.5,445,192.168.220.9,55074,1,108,1,.AP...
2017-04-05 14:23:59.682,0.054,TCP,12189_186,80,192.168.220.14,56863,6,6708,1,.AP.S.
2017-04-11 10:54:55.014,0.0,TCP,10151_199,443,192.168.220.13,43931,1,54,1,.A....
2017-04-07 09:09:48.173,0.0,TCP,192.168.200.8,57063,10063_33,80,1,66,1,....S.
2017-04-06 11:31:19.529,0.0,TCP,192.168.220.6,51422,10143_80,80,1,54,1,.A....
2017-04-07 16:59:59.182,0.0,TCP,10100_133,443,192.168.220.6,38870,1,54,1,.A....
2017-04-05 15:55:00.714,0.002,TCP,192.168.220.14,49077,10163_21,443,3,174,1,.A...F
2017-04-11 15:52:32.089,0.0,TCP,17150_3,80,192.168.220.9,47101,1,66,1,.A....
2017-04-10 18:37:43.648,0.0,TCP,10081_164,443,192.168.220.15,34258,1,66,1,.A....
2017-04-11 10:55:29.072,0.603,TCP,10098_126,443,192.168.220.13,49585,3,198,1,.A...F
2017-04-10 09:17:11.261,0.002,TCP,192.168.220.4,37171,192.168.100.5,445,2,174,1,.AP...
2017-04-05 13:22:56.164,0.002,UDP,192.168.220.14,48168,DNS,53,2,144,1,......
2017-04-11 08:35:22.787,0.003,TCP,192.168.220.6,58234,192.168.100.5,445,2,174,1,.AP...
2017-04-10 07:08:53.249,0.023,TCP,192.168.220.13,45623,EXT_SERVER,8082,2,338,1,.AP...
2017-04-11 13:07:55.037,0.0,TCP,192.168.220.13,56456,16935_160,443,1,66,1,.A....
2017-04-11 10:51:31.916,0.052,UDP,192.168.220.15,47841,DNS,53,2,146,1,......
2017-04-07 12:55:06.660,0.0,TCP,10026_175,80,192.168.220.13,49895,1,74,1,.A..S.
2017-04-11 07:36:12.554,0.0,UDP,192.168.200.2,67,192.168.200.8,68,1,392,1,......
2017-04-06 13:38:38.875,0.084,TCP,192.168.220.15,55182,14645_180,443,8,1311,1,.AP.S.
2017-04-05 15:32:00.152,0.6,TCP,10068_72,443,192.168.210.5,54812,13,5599,1,.AP.S.
2017-04-07 09:55:36.346,0.0,TCP,192.168.200.8,58821,10057_29,80,1,55,1,.A....
2017-04-06 09:23:12.580,0.0,TCP,192.168.220.11,55476,10107_38,443,2,132,1,.AP..F
2017-04-11 11:52:42.324,1.268,TCP,10063_33,80,192.168.210.5,61603,32,188387,1,.AP.S.
2017-04-10 07:01:30.401,0.0,UDP,DNS,53,192.168.220.15,59308,2,325,1,......
2017-04-11 18:09:34.224,0.0,TCP,EXT_SERVER,8082,192.168.200.4,59662,1,212,1,.AP...
2017-04-09 01:41:55.179,0.0,TCP,192.168.100.5,445,192.168.200.5,35615,1,108,1,.AP...
2017-04-11 11:54:24.851,0.02,TCP,10614_106,443,192.168.210.5,62520,3,193,1,.AP..F
2017-04-06 09:09:00.745,0.0,TCP,192.168.220.6,46183,10634_246,443,1,117,1,.AP...
2017-04-07 10:28:57.939,0.0,TCP,10183_10,80,192.168.200.8,53114,1,66,1,.A....
2017-04-05 15:39:05.244,0.0,TCP,192.168.220.7,46940,10056_218,443,1,66,1,.A....
2017-04-11 13:58:22.267,0.0,TCP,192.168.220.4,37102,14193_162,80,1,66,1,.A....
2017-04-10 17:16:10.689,1.735,TCP,192.168.220.9,45743,10027_175,80,4,272,1,.A..SF
2017-04-11 04:11:36.880,0.0,TCP,EXT_SERVER,8082,192.168.220.16,41240,1,212,1,.AP...
2017-04-05 12:52:29.251,0.0,TCP,10199_14,80,192.168.220.16,49607,1,66,1,.A....
2017-04-06 02:59:37.788,0.0,UDP,192.168.220.9,137,192.168.220.255,137,1,92,1,......
2017-04-11 15:54:58.116,0.0,TCP,192.168.200.4,40325,10429_162,443,1,66,1,.A....
2017-04-11 12:47:46.511,0.0,TCP,11054_192,443,192.168.200.8,59106,1,66,1,.A....
2017-04-10 18:52:07.056,0.004,UDP,192.168.220.15,55757,DNS,53,2,162,1,......
2017-04-07 17:11:09.503,0.021,TCP,192.168.220.14,43275,10001_8,80,2,140,1,.A..S.
2017-04-10 14:18:00.428,0.016,TCP,10060_27,80,192.168.210.5,64409,2,108,1,.A...F
2017-04-05 18:37:33.564,0.356,TCP,192.168.200.9,58650,10163_60,443,9,1867,1,.AP.S.
2017-04-08 08:09:09.288,2.332,TCP,192.168.210.5,57745,10296_228,443,11,2109,1,.AP.S.
2017-04-11 15:21:06.896,0.0,TCP,192.168.200.8,52322,14262_35,80,1,55,1,.A....
2017-04-06 15:11:40.687,0.0,TCP,192.168.100.5,445,192.168.220.6,36437,1,70,1,.AP...
2017-04-06 05:48:18.811,0.005,TCP,192.168.220.15,45575,192.168.100.5,445,2,174,1,.AP...
2017-04-11 09:35:57.454,0.086,TCP,10078_76,443,192.168.220.15,47440,4,4298,1,.AP.S.
2017-04-05 10:25:25.251,0.0,TCP,10004_36,443,192.168.220.14,58445,3,275,1,.AP..F
2017-04-06 11:07:00.639,0.011,UDP,DNS,53,192.168.220.5,50180,2,382,1,......
2017-04-11 13:01:16.711,0.0,TCP,10223_61,80,192.168.220.13,51522,2,132,1,.A...F
2017-04-11 10:49:13.762,0.0,TCP,192.168.220.15,60817,16435_237,80,1,66,1,.A...F
2017-04-07 13:06:48.195,0.115,TCP,10223_61,80,192.168.220.15,48142,39,60117,1,.AP.S.
2017-04-06 13:50:50.701,0.017,TCP,192.168.220.12,46828,10060_27,80,2,132,1,.A...F
2017-04-10 10:38:49.587,0.0,TCP,10455_2,80,192.168.220.12,54739,1,54,1,.A....
2017-04-09 00:54:09.404,0.0,TCP,192.168.100.5,445,192.168.220.6,35457,1,108,1,.AP...
2017-04-07 13:05:26.858,0.001,UDP,DNS,53,192.168.220.13,44702,2,198,1,......
2017-04-07 08:35:28.608,0.0,TCP,192.168.220.4,32868,10143_76,443,1,54,1,.A....
2017-04-07 13:17:36.731,0.0,TCP,16555_60,443,192.168.200.9,61703,1,66,1,.A....
2017-04-11 12:13:21.076,0.024,TCP,192.168.220.4,56659,10005_14,443,2,178,1,.AP...
2017-04-11 07:16:51.147,0.0,TCP,10278_34,80,192.168.220.4,44542,1,66,1,.A....
2017-04-10 18:56:16.720,0.0,TCP,192.168.100.5,445,192.168.200.4,43683,1,108,1,.AP...
2017-04-06 14:30:52.480,0.004,TCP,10060_27,80,192.168.210.5,61920,3,2126,1,.AP...
2017-04-07 15:43:27.113,0.0,TCP,192.168.220.14,37234,12106_150,80,1,66,1,.A...F
2017-04-11 17:17:21.629,0.0,UDP,DNS,53,192.168.200.8,58920,1,90,1,......
2017-04-11 06:47:51.065,0.0,TCP,192.168.210.5,50745,10064_169,443,1,55,1,.A....
2017-04-10 17:15:31.755,0.0,TCP,10026_175,80,192.168.220.9,44547,1,66,1,.A....
2017-04-11 12:36:06.466,0.005,TCP,192.168.200.4,43683,192.168.100.5,445,2,174,1,.AP...
2017-04-11 14:57:50.335,0.033,UDP,DNS,53,192.168.220.14,37698,2,332,1,......
2017-04-07 08:34:47.440,0.036,TCP,192.168.210.5,55082,10135_5,80,2,120,1,.A..S.
2017-04-06 11:59:06.151,0.016,TCP,192.168.200.8,60974,10076_237,80,2,108,1,.A...F
2017-04-05 13:19:17.717,0.023,TCP,192.168.220.13,52531,10855_47,80,2,132,1,.A...F
2017-04-05 11:25:02.158,0.0,TCP,192.168.220.4,60681,11776_254,443,1,66,1,.A....
2017-04-05 15:33:59.399,0.629,TCP,10026_166,80,192.168.220.8,57505,2,132,1,.A...F
2017-04-10 11:18:28.982,0.038,TCP,192.168.220.13,42837,16477_210,443,2,524,1,.AP...
2017-04-07 08:34:48.581,0.0,TCP,192.168.220.4,54631,10124_1,80,1,66,1,.A...F
2017-04-05 16:48:35.297,0.0,TCP,10609_250,443,192.168.200.8,60145,1,66,1,.A....
2017-04-05 06:52:37.087,0.0,UDP,192.168.210.5,53417,DNS,53,1,76,1,......
2017-04-07 12:27:47.323,0.013,TCP,192.168.220.9,55737,10004_36,443,3,490,1,.AP...
2017-04-10 07:47:53.233,0.0,TCP,10163_21,443,192.168.220.6,43619,2,920,1,.AP...
2017-04-05 12:26:35.325,0.003,UDP,DNS,53,192.168.220.11,52956,2,546,1,......
2017-04-06 17:25:14.328,0.035,TCP,192.168.220.13,32806,11818_88,80,2,491,1,.AP...
2017-04-05 16:10:26.135,0.0,TCP,192.168.220.14,34695,10337_70,443,1,66,1,.A....
2017-04-06 11:03:46.754,0.0,TCP,10184_177,443,192.168.200.4,37112,1,66,1,.A....
2017-04-05 13:55:50.663,0.057,TCP,10163_10,443,192.168.220.14,59910,5,4209,1,.AP.S.
2017-04-11 15:40:20.038,0.038,UDP,DNS,53,192.168.220.8,50927,2,268,1,......
2017-04-07 14:07:24.774,0.111,TCP,192.168.200.4,41913,10296_227,443,9,929,1,.AP.S.
2017-04-11 15:53:26.341,0.0,TCP,192.168.200.4,42117,11975_172,80,1,66,1,.A...F
2017-04-11 11:14:23.336,0.123,TCP,192.168.220.15,55753,10074_40,443,10,1491,1,.AP.S.
2017-04-11 10:32:19.178,0.066,TCP,10793_174,443,192.168.220.11,56614,5,506,1,.AP...
2017-04-05 15:18:47.048,0.006,UDP,DNS,53,192.168.220.11,51024,2,302,1,......
2017-04-05 10:56:03.704,0.214,TCP,10150_40,443,192.168.200.9,49811,6,1283,1,.AP.S.
2017-04-08 15:14:51.654,0.0,TCP,192.168.220.12,43950,192.168.100.5,445,1,66,1,.A....
2017-04-11 06:48:10.417,0.015,TCP,192.168.220.9,37395,12189_180,80,2,140,1,.A..S.
2017-04-07 06:35:14.930,0.0,TCP,10060_27,80,192.168.220.9,55316,1,66,1,.A....
2017-04-05 09:23:01.723,4.465,TCP,10135_93,80,192.168.210.4,53357,29,37461,1,.AP.S.
2017-04-07 02:56:35.434,0.0,TCP,192.168.100.5,445,192.168.200.5,33963,1,108,1,.AP...
2017-04-11 12:38:28.342,0.268,TCP,192.168.200.8,56568,10154_181,80,3,859,1,.AP...
2017-04-05 08:33:16.144,0.0,TCP,192.168.220.13,60187,10026_249,80,1,66,1,.A....
2017-04-08 10:31:31.341,0.65,TCP,10550_115,443,192.168.220.14,35750,9,8393,1,.AP.S.
2017-04-07 07:17:43.657,0.337,TCP,192.168.210.5,61251,10145_17,443,6,1429,1,.AP.S.
2017-04-11 11:01:43.047,0.0,UDP,192.168.220.16,48844,DNS,53,2,184,1,......
2017-04-06 12:48:52.015,0.0,TCP,10702_91,443,192.168.220.13,54164,1,66,1,.A....
2017-04-07 08:36:37.700,0.0,TCP,10135_187,80,192.168.210.5,55551,1,54,1,.A...F
2017-04-07 15:48:25.855,0.0,TCP,10081_164,443,192.168.220.8,34814,1,66,1,.A....
2017-04-06 10:20:43.753,0.482,TCP,192.168.220.7,48372,11014_185,443,130,9710,1,.AP...
2017-04-06 10:17:28.933,0.022,TCP,192.168.200.4,34279,10223_122,443,3,251,1,.AP..F
2017-04-06 09:58:07.169,0.0,TCP,192.168.210.5,56163,10193_2,80,1,55,1,.A....
2017-04-11 13:21:00.545,0.004,UDP,192.168.210.5,56851,10031_250,1900,2,332,1,......
2017-04-07 10:43:23.139,0.0,TCP,192.168.200.4,55721,10022_68,443,2,163,1,.AP..F
2017-04-10 13:23:17.010,0.0,TCP,10642_43,80,192.168.220.13,52223,1,66,1,.A....
2017-04-11 13:16:50.324,0.058,TCP,192.168.220.14,59003,10069_66,80,5,712,1,.AP.SF
2017-04-10 12:51:21.767,0.0,TCP,192.168.220.14,59715,10060_27,80,1,66,1,.A....
2017-04-06 11:38:24.716,0.0,TCP,192.168.220.6,36127,10098_126,443,1,66,1,.A....
2017-04-08 16:55:23.298,0.146,TCP,10296_225,443,192.168.220.7,50501,20,21473,1,.AP.S.
2017-04-10 13:20:56.699,0.0,TCP,192.168.220.13,33975,10143_80,443,1,54,1,.A....
2017-04-05 15:35:33.952,0.0,TCP,10056_31,443,192.168.220.8,47217,1,66,1,.A....
2017-04-11 18:27:10.074,0.002,UDP,DNS,53,192.168.220.14,40917,2,306,1,......
2017-04-05 16:04:47.525,0.035,UDP,DNS,53,192.168.220.14,45127,2,270,1,......
2017-04-07 10:01:04.923,0.0,TCP,192.168.200.8,60628,11054_192,443,1,55,1,.A....
2017-04-10 07:10:53.893,0.0,TCP,192.168.220.15,47201,10499_36,80,1,66,1,.A....
2017-04-06 11:49:07.607,0.009,TCP,192.168.200.8,62822,10150_27,443,3,163,1,.A...F
2017-04-06 14:32:59.058,0.0,TCP,10251_54,443,192.168.220.7,49084,1,66,1,.A....
2017-04-10 12:07:24.771,0.0,TCP,192.168.220.16,45289,10056_15,443,1,66,1,.A....
2017-04-05 14:33:56.375,0.029,TCP,192.168.220.8,36926,11062_193,80,3,2033,1,.AP...
2017-04-07 14:59:36.961,0.0,UDP,DNS,53,192.168.210.5,54633,1,249,1,......
2017-04-11 13:52:00.586,0.038,TCP,192.168.220.16,46388,10321_204,443,3,174,1,.A.R.F
2017-04-05 07:32:37.507,0.0,TCP,10060_27,80,192.168.220.15,33655,1,66,1,.A....
2017-04-09 20:11:30.210,1.785,TCP,192.168.200.8,62370,10296_238,443,6,983,1,.AP...
2017-04-07 08:23:15.106,0.0,UDP,192.168.210.5,61939,DNS,53,1,83,1,......
2017-04-06 11:19:27.537,0.0,TCP,12061_41,443,192.168.220.6,38030,1,66,1,.A....
2017-04-10 12:54:49.775,0.0,TCP,192.168.210.5,52045,10082_8,80,1,55,1,.A....
2017-04-06 11:33:04.088,0.0,TCP,12079_141,443,192.168.220.7,57626,1,66,1,.A....
2017-04-11 07:52:30.389,0.0,TCP,10991_177,443,192.168.220.4,42671,1,66,1,.A....
2017-04-11 09:27:56.098,0.0,TCP,192.168.200.8,50546,10824_169,443,1,55,1,.A....
2017-04-09 01:59:14.509,0.0,UDP,DNS,53,192.168.200.8,54050,1,128,1,......
2017-04-06 16:40:05.908,0.0,UDP,DNS,53,192.168.200.9,59397,1,114,1,......
2017-04-08 06:25:01.285,0.0,TCP,EXT_SERVER,8082,192.168.220.16,45145,1,212,1,.AP...
2017-04-05 13:50:26.451,0.0,TCP,192.168.220.7,39317,10796_87,443,2,185,1,.AP..F
2017-04-05 14:30:49.571,0.0,TCP,192.168.220.9,48025,192.168.100.5,445,1,66,1,.A....
2017-04-06 11:31:11.662,0.022,TCP,192.168.220.16,43621,EXT_SERVER,8082,2,338,1,.AP...
2017-04-10 04:48:29.172,0.0,TCP,10162_129,443,192.168.200.8,60524,2,154,1,.AP...
2017-04-06 15:55:45.100,0.036,TCP,192.168.200.8,53355,11668_138,80,2,108,1,.A...F
2017-04-05 12:01:06.150,0.0,TCP,10678_165,80,192.168.220.6,41011,1,54,1,.A....
2017-04-11 09:13:24.285,0.0,TCP,192.168.220.4,55680,10261_43,443,1,66,1,.A....
2017-04-06 14:26:24.981,0.0,TCP,192.168.210.5,60931,10158_155,80,1,55,1,.A....
2017-04-11 11:51:15.950,0.0,TCP,192.168.100.5,445,192.168.220.9,38145,1,70,1,.AP...
2017-04-05 13:18:51.767,0.0,TCP,192.168.220.13,45346,10086_192,80,1,66,1,.A....
2017-04-05 07:57:42.825,0.019,TCP,192.168.220.6,47807,10252_12,443,3,215,1,.AP..F
2017-04-07 03:51:04.137,0.0,UDP,192.168.220.7,137,192.168.220.255,137,1,92,1,......
2017-04-10 08:55:55.952,0.0,TCP,192.168.220.10,33701,10063_33,80,1,66,1,.A....
2017-04-06 19:45:47.671,0.0,TCP,EXT_SERVER,8082,192.168.220.13,45289,1,212,1,.AP...
2017-04-10 02:57:06.896,0.0,UDP,DNS,53,192.168.200.9,56621,1,91,1,......
2017-04-10 13:55:59.450,0.028,TCP,11014_185,443,192.168.220.15,59143,4,433,1,.AP.S.
2017-04-06 16:56:47.297,0.0,UDP,DNS,53,192.168.210.5,61045,1,300,1,......
2017-04-11 09:09:32.556,0.0,TCP,10060_27,80,192.168.210.4,49868,1,54,1,.A...F
2017-04-11 15:52:34.023,0.0,TCP,10389_108,443,192.168.220.4,52527,1,1350,1,.AP...
2017-04-05 16:09:49.040,0.08,TCP,192.168.220.14,33949,10337_11,443,2,713,1,.AP...
2017-04-07 19:04:42.527,0.097,TCP,192.168.210.5,55190,10004_7,443,10,801,1,.AP...
2017-04-10 14:31:32.646,0.0,TCP,10296_238,80,192.168.200.9,58090,1,54,1,.A...F
2017-04-10 10:10:30.078,0.0,TCP,192.168.200.4,44664,10223_4,80,1,66,1,.A....
2017-04-11 17:22:33.172,0.012,TCP,10060_27,80,192.168.220.14,47426,2,132,1,.A...F
2017-04-08 15:45:10.195,0.057,TCP,192.168.220.14,36422,10223_122,80,7,2001,1,.AP.SF
2017-04-07 10:40:47.694,0.0,TCP,10129_10,443,192.168.200.4,55640,1,54,1,.A.R..
2017-04-10 11:35:36.995,0.176,TCP,192.168.220.13,52249,10065_139,443,3,198,1,.A...F
2017-04-06 11:03:04.189,0.039,UDP,DNS,53,192.168.220.12,44922,2,266,1,......
2017-04-07 18:07:03.327,0.0,UDP,192.168.220.14,52945,DNS,53,2,144,1,......
2017-04-11 18:26:10.422,0.0,TCP,10057_29,80,192.168.210.5,52764,1,850,1,.AP...
2017-04-10 20:20:55.355,0.0,TCP,10425_118,443,192.168.210.5,62891,1,66,1,.A....
2017-04-05 07:33:47.852,0.0,TCP,10470_20,443,192.168.220.15,49521,1,66,1,.A....
2017-04-07 10:07:35.567,0.034,TCP,192.168.200.8,63183,12112_251,443,2,108,1,.A...F
2017-04-07 06:02:56.855,0.0,TCP,192.168.220.4,57750,10191_163,443,1,66,1,.A....
2017-04-10 13:22:24.902,3.414,TCP,17249_20,8080,192.168.220.13,37773,11,1005,1,.AP.SF
2017-04-05 10:25:23.646,1.487,TCP,10678_131,80,192.168.220.14,46183,2,108,1,.A...F
2017-04-11 07:29:38.237,0.127,TCP,10143_80,80,192.168.220.4,57826,3,672,1,.AP.S.
2017-04-06 12:22:42.228,0.115,TCP,10033_121,443,192.168.200.9,61545,4,1969,1,.AP...
2017-04-10 13:24:53.183,0.0,TCP,10012_34,80,192.168.220.13,46013,1,66,1,.A...F
2017-04-11 11:23:34.633,0.227,TCP,192.168.200.9,54341,10793_164,443,2,154,1,.AP...
2017-04-08 17:11:08.516,0.0,TCP,192.168.220.7,52876,10060_27,80,1,66,1,.A....
2017-04-11 07:50:47.492,0.036,UDP,DNS,53,192.168.220.4,37110,2,240,1,......
2017-04-11 11:09:13.596,0.0,TCP,192.168.220.4,58082,10261_178,443,1,66,1,.A....
2017-04-11 16:33:57.355,0.0,TCP,10573_70,443,192.168.210.5,51823,1,66,1,.A....
2017-04-05 17:29:45.204,0.0,TCP,10056_173,443,192.168.220.14,47600,1,66,1,.A....
2017-04-06 16:19:12.811,0.0,TCP,192.168.220.13,40616,10296_238,80,1,66,1,.A....
2017-04-08 12:58:56.839,0.072,TCP,10124_1,80,192.168.220.14,56861,2,132,1,.A...F
2017-04-07 14:18:04.466,0.0,TCP,192.168.220.4,59942,10796_85,443,2,185,1,.AP..F
2017-04-11 10:28:06.717,0.0,TCP,192.168.220.15,39266,10056_92,443,1,54,1,.A....
2017-04-06 00:01:23.246,0.002,TCP,192.168.220.15,45575,192.168.100.5,445,2,174,1,.AP...
2017-04-05 11:43:37.631,0.0,TCP,192.168.220.15,33913,11054_192,443,2,1214,1,.AP...
2017-04-10 10:01:39.329,0.093,TCP,192.168.220.13,50583,10004_36,443,13,1643,1,.AP.S.
2017-04-05 12:50:22.025,0.0,UDP,DNS,53,192.168.200.9,50473,1,99,1,......
2017-04-11 01:06:10.835,0.004,TCP,192.168.220.6,58234,192.168.100.5,445,2,174,1,.AP...
2017-04-07 21:57:07.771,0.0,TCP,192.168.100.5,445,192.168.220.9,55074,1,108,1,.AP...
2017-04-07 16:27:34.255,0.0,UDP,DNS,53,192.168.220.6,35498,1,189,1,......
2017-04-05 13:33:24.885,0.018,TCP,192.168.200.8,54812,10105_20,443,3,193,1,.APR.F
2017-04-07 11:56:32.212,0.0,TCP,192.168.210.4,52297,10068_98,80,1,55,1,.A....
2017-04-10 17:45:14.819,0.125,TCP,10425_118,443,192.168.210.5,61282,6,1942,1,.AP.S.
2017-04-11 07:53:35.384,0.0,TCP,192.168.220.9,59352,16886_101,80,1,66,1,.A....
2017-04-08 16:00:57.657,0.0,TCP,EXT_SERVER,8082,192.168.220.13,45623,1,212,1,.AP...
2017-04-06 16:39:57.897,0.015,TCP,192.168.200.8,56040,10319_216,80,2,120,1,.A..S.
2017-04-09 09:19:58.018,0.0,TCP,192.168.200.8,53708,10060_27,80,1,55,1,.A....
2017-04-05 15:42:07.797,0.103,UDP,DNS,53,192.168.220.9,49838,2,198,1,......
2017-04-05 15:34:53.811,0.0,TCP,192.168.220.7,59979,10796_85,443,2,185,1,.AP..F
2017-04-08 07:21:54.463,0.0,TCP,192.168.220.7,43647,10310_169,443,1,66,1,.A....
2017-04-11 15:53:47.756,0.02,TCP,10879_19,80,192.168.200.4,37766,2,108,1,.A...F
2017-04-07 19:52:05.996,0.0,TCP,10296_234,80,192.168.210.5,57360,1,66,1,.A..S.
2017-04-06 07:27:43.811,0.0,TCP,10296_227,443,192.168.220.6,35475,1,66,1,.A...F
2017-04-11 07:50:03.119,0.0,TCP,10978_227,443,192.168.220.4,37556,1,54,1,.A....
2017-04-10 16:42:13.853,0.003,TCP,10538_148,80,192.168.220.10,49230,2,423,1,.AP...
2017-04-10 13:22:38.073,0.0,TCP,10292_67,443,192.168.220.13,57252,2,108,1,.A...F
2017-04-11 07:20:23.574,0.0,TCP,192.168.220.15,34970,10100_133,80,1,54,1,.A....
2017-04-07 14:18:46.070,0.002,TCP,192.168.220.11,58735,192.168.100.5,445,2,174,1,.AP...
2017-04-05 16:57:21.501,0.0,TCP,10062_127,443,192.168.220.7,54592,1,66,1,.A....
2017-04-05 10:26:14.255,0.0,UDP,192.168.210.4,51047,DNS,53,1,77,1,......
2017-04-07 07:21:05.784,0.0,UDP,192.168.220.15,47615,DNS,53,2,158,1,......
2017-04-07 13:32:47.616,0.0,TCP,11062_193,80,192.168.220.4,46713,1,66,1,.A....
2017-04-09 12:49:46.057,0.061,TCP,10296_232,443,192.168.200.8,58688,6,4396,1,.AP.S.
2017-04-07 16:28:03.016,0.0,TCP,10776_200,443,192.168.220.6,44252,1,456,1,.AP...
2017-04-10 01:54:18.715,0.259,TCP,192.168.200.8,60524,10162_129,443,2,154,1,.AP...
2017-04-10 14:26:28.986,0.0,TCP,17280_42,443,192.168.210.5,49702,1,66,1,.A....
2017-04-10 13:58:33.254,0.065,TCP,192.168.220.10,36172,10296_238,443,2,178,1,.AP...
2017-04-10 09:20:17.799,0.0,UDP,192.168.220.10,60613,DNS,53,2,148,1,......
2017-04-07 13:03:42.535,0.005,TCP,192.168.220.10,50555,10107_210,443,4,264,1,.A...F
2017-04-08 18:53:17.694,0.153,TCP,192.168.200.8,54694,10162_129,443,3,387,1,.AP...
2017-04-07 15:31:40.248,0.0,TCP,11889_144,443,192.168.220.14,37295,1,66,1,.A....
2017-04-10 14:36:00.691,0.156,TCP,192.168.220.6,37243,10336_205,443,11,1068,1,.AP.S.
2017-04-05 10:30:47.886,0.0,TCP,192.168.220.8,50639,14252_211,443,1,66,1,.A....
2017-04-05 10:47:25.718,0.0,TCP,192.168.200.8,50737,10138_16,443,1,55,1,.A....
2017-04-06 06:14:05.213,0.0,UDP,DNS,53,192.168.220.4,50995,1,133,1,......
2017-04-10 17:37:30.845,0.0,TCP,EXT_SERVER,8082,192.168.220.13,45642,1,212,1,.AP...
2017-04-08 15:38:55.122,0.022,TCP,192.168.220.16,45145,EXT_SERVER,8082,2,338,1,.AP...
2017-04-09 08:06:22.033,0.0,UDP,192.168.220.11,137,192.168.220.255,137,1,92,1,......
2017-04-07 09:23:06.414,0.0,TCP,11072_161,443,192.168.220.4,37779,1,66,1,.A....
2017-04-06 17:56:09.491,0.069,TCP,10069_66,80,192.168.220.7,56791,5,724,1,.AP.SF
2017-04-10 07:52:49.276,0.003,UDP,DNS,53,192.168.220.6,50105,2,256,1,......
2017-04-07 07:12:36.725,0.005,UDP,192.168.220.15,33679,DNS,53,2,166,1,......
2017-04-11 13:37:21.619,0.0,TCP,10062_127,443,192.168.220.14,47931,1,66,1,.A....
2017-04-11 12:54:26.465,0.012,TCP,192.168.220.11,42710,10946_2,80,2,132,1,.A...F
2017-04-07 13:23:43.438,0.0,UDP,DNS,53,192.168.200.9,54342,1,105,1,......
2017-04-05 16:08:33.990,0.0,TCP,10066_240,443,192.168.220.7,56588,2,132,1,.A...F
2017-04-10 10:22:38.890,1.673,TCP,10499_33,80,192.168.220.14,44556,2,132,1,.A...F
2017-04-05 12:04:40.027,0.027,TCP,192.168.220.6,34892,10004_7,80,8,816,1,.AP..F
2017-04-05 15:36:59.224,0.003,UDP,192.168.220.7,55808,DNS,53,2,184,1,......
2017-04-10 15:46:04.875,0.0,TCP,10425_118,443,192.168.210.5,55993,1,66,1,.A....
2017-04-06 13:12:29.146,0.0,TCP,192.168.200.4,54487,11267_47,443,1,66,1,.A....
2017-04-10 09:59:51.359,0.0,TCP,10793_162,80,192.168.220.13,45511,1,66,1,.A....
2017-04-07 10:16:29.499,0.0,TCP,10000_35,443,192.168.220.5,53759,1,66,1,.A....
2017-04-08 11:00:16.927,0.0,TCP,10118_55,443,192.168.220.14,49826,1,66,1,.A....
2017-04-05 13:17:41.160,0.0,UDP,DNS,53,192.168.220.12,56998,2,225,1,......
2017-04-05 13:55:45.064,0.0,TCP,10098_125,443,192.168.220.8,51050,1,66,1,.A....
2017-04-07 16:15:07.329,0.786,TCP,192.168.220.12,40916,10163_2,443,11,2778,1,.AP.S.
2017-04-06 11:30:08.332,0.0,TCP,10070_48,443,192.168.220.6,47661,1,427,1,.AP...
2017-04-11 14:51:30.455,0.0,TCP,14369_223,443,192.168.220.4,47949,1,66,1,.A....
2017-04-05 17:29:32.216,0.428,TCP,10171_252,443,192.168.220.14,39564,6,4350,1,.AP.S.
2017-04-10 17:05:24.339,0.0,TCP,17146_63,443,192.168.200.9,54283,2,139,1,.AP..F
2017-04-05 16:26:48.885,0.0,TCP,192.168.220.6,51180,10350_143,80,1,54,1,.A....
2017-04-11 18:05:37.032,0.0,TCP,10057_29,80,192.168.220.4,60251,1,66,1,.A....
2017-04-11 07:18:45.932,0.016,TCP,192.168.220.15,51321,10057_29,80,2,563,1,.AP...
2017-04-05 12:45:01.990,0.0,TCP,192.168.200.9,49807,10706_192,80,2,108,1,.A...F
2017-04-06 15:03:47.015,0.0,TCP,10081_164,443,192.168.220.4,34880,1,66,1,.A....
2017-04-10 14:40:32.279,0.073,TCP,10163_46,443,192.168.220.6,47041,5,3337,1,.AP.S.
2017-04-07 09:07:51.129,0.0,TCP,192.168.200.8,56413,10296_238,80,1,55,1,.A....
2017-04-11 00:36:45.308,0.0,TCP,10425_118,443,192.168.210.5,63206,1,66,1,.A....
2017-04-10 18:50:10.293,0.0,TCP,192.168.220.15,43788,13940_89,80,1,66,1,.A....
2017-04-09 06:16:21.278,0.0,UDP,192.168.210.5,59451,DNS,53,1,75,1,......
2017-04-06 11:29:26.879,0.0,TCP,10063_33,80,192.168.220.6,33807,1,74,1,.A..S.
2017-04-11 22:39:12.441,0.003,TCP,192.168.220.5,59605,192.168.100.5,445,2,174,1,.AP...
2017-04-05 10:42:33.040,0.003,UDP,192.168.220.5,35362,DNS,53,2,146,1,......
2017-04-11 11:03:31.867,0.036,UDP,192.168.220.11,46630,DNS,53,2,152,1,......
2017-04-11 16:01:02.191,0.0,TCP,192.168.220.4,56065,11890_64,80,1,66,1,.A....
2017-04-11 14:16:14.315,0.0,TCP,10056_174,443,192.168.200.4,52069,1,66,1,.A....
2017-04-10 16:31:19.945,0.0,TCP,10093_150,80,192.168.220.13,60476,1,74,1,.A..S.
2017-04-10 14:45:34.279,0.0,TCP,192.168.200.4,58187,10638_99,443,1,66,1,.A....
2017-04-07 13:49:25.021,0.0,TCP,10793_130,80,192.168.200.4,39807,1,66,1,.A....
2017-04-10 10:16:36.239,0.032,TCP,192.168.220.6,52173,10336_205,443,2,132,1,.A...F
2017-04-07 16:24:31.750,0.0,UDP,DNS,53,192.168.220.13,46151,2,304,1,......
2017-04-06 09:42:53.580,0.0,TCP,192.168.220.9,54945,10532_180,443,1,66,1,.A....
2017-04-05 16:05:29.905,3.949,TCP,192.168.220.14,34044,13209_148,443,199,20772,1,.AP...
2017-04-11 18:36:36.513,0.0,TCP,192.168.210.5,56449,14369_223,443,1,55,1,.A....
2017-04-07 15:20:26.561,0.0,TCP,192.168.220.4,58481,14211_189,80,1,66,1,.A....
2017-04-06 15:50:04.513,0.011,UDP,192.168.220.10,33532,DNS,53,2,174,1,......
2017-04-05 09:33:43.453,0.0,TCP,15563_154,443,192.168.220.4,51576,1,66,1,.A....
2017-04-07 10:29:33.816,0.0,TCP,16681_100,80,192.168.220.4,53311,1,66,1,.A....
2017-04-10 09:01:28.721,0.0,TCP,10063_33,80,192.168.220.10,38833,1,66,1,.A....
2017-04-10 10:58:12.174,0.0,TCP,192.168.200.9,53613,12335_11,80,1,55,1,.A....
2017-04-06 10:40:10.213,0.426,TCP,192.168.200.8,49379,11283_249,443,9,1823,1,.AP.S.
2017-04-07 06:08:37.911,1.753,TCP,10125_12,443,192.168.210.5,57594,13,9314,1,.AP.SF
2017-04-07 17:10:25.090,0.266,TCP,10082_198,80,192.168.220.14,52373,3,878,1,.AP...
2017-04-11 04:02:28.496,0.0,TCP,EXT_SERVER,8082,192.168.220.13,50511,1,212,1,.AP...
2017-04-07 15:00:43.304,0.0,TCP,15639_148,443,192.168.200.8,56204,1,66,1,.A....
2017-04-07 08:34:15.376,0.0,TCP,10271_247,443,192.168.220.4,43357,1,66,1,.A....
2017-04-05 07:45:30.844,0.0,TCP,192.168.220.7,37211,10346_13,80,1,66,1,.A....
2017-04-11 06:48:01.745,0.0,TCP,12071_116,443,192.168.210.5,50258,1,66,1,.A....
2017-04-06 16:27:39.601,0.0,TCP,192.168.220.13,40360,10082_140,80,1,66,1,.A....
2017-04-07 09:18:22.216,0.0,TCP,10223_4,80,192.168.220.11,35719,1,70,1,.A..S.
2017-04-11 11:12:06.057,0.014,TCP,10060_27,80,192.168.220.4,52906,2,132,1,.A...F
2017-04-07 15:27:31.454,0.509,TCP,12253_192,443,192.168.200.9,54666,8,5729,1,.AP.S.
2017-04-10 07:48:59.051,0.01,TCP,192.168.220.6,46552,10028_249,80,2,140,1,.A..S.
2017-04-05 10:56:10.998,0.022,TCP,10223_61,80,192.168.220.8,60289,2,132,1,.A...F
2017-04-10 07:32:31.434,0.009,UDP,DNS,53,192.168.220.16,55565,2,190,1,......
2017-04-09 03:10:05.495,0.0,TCP,192.168.100.5,445,192.168.220.14,53240,1,108,1,.AP...
2017-04-06 11:35:05.866,0.0,TCP,192.168.220.6,54418,10261_254,443,1,66,1,.A....
2017-04-07 08:13:43.412,0.264,TCP,10801_118,443,192.168.220.11,45028,3,307,1,.AP.S.
2017-04-11 10:36:10.094,0.0,UDP,192.168.220.9,37581,DNS,53,1,73,1,......
2017-04-06 14:47:24.647,0.376,TCP,10879_18,80,192.168.200.9,51622,3,654,1,.AP.S.
2017-04-10 13:24:44.553,0.0,UDP,DNS,53,192.168.220.15,37294,1,145,1,......
2017-04-05 07:13:08.633,0.0,TCP,14252_139,443,192.168.220.15,58357,1,66,1,.A....
2017-04-06 15:46:06.688,0.112,TCP,192.168.220.10,48989,10132_239,80,6,827,1,.AP.SF
2017-04-11 06:21:28.905,0.0,TCP,14774_227,443,192.168.220.11,54780,2,132,1,.A...F
2017-04-11 13:33:05.667,0.0,TCP,192.168.200.8,62148,10789_31,443,1,55,1,.A....
2017-04-11 03:31:39.635,0.0,TCP,192.168.100.5,445,192.168.220.4,44556,1,108,1,.AP...
2017-04-06 15:03:58.744,0.037,TCP,192.168.220.4,41684,10797_253,443,2,132,1,.A...F
2017-04-06 12:15:24.133,0.0,TCP,192.168.200.9,61307,11316_21,443,1,55,1,.A....
2017-04-06 06:09:08.689,0.0,TCP,10057_30,443,192.168.210.5,52363,1,100,1,.AP...
2017-04-05 11:43:06.400,0.015,TCP,192.168.200.9,61418,10467_205,443,3,193,1,.APR.F
2017-04-06 11:25:35.544,0.032,TCP,192.168.220.6,56603,10502_196,80,2,132,1,.A...F
2017-04-08 16:58:14.128,0.0,UDP,192.168.220.7,36030,DNS,53,2,150,1,......
2017-04-11 10:31:53.471,0.025,TCP,192.168.220.8,55084,10793_163,443,5,453,1,.AP..F
2017-04-08 16:03:47.072,0.0,TCP,10157_114,80,192.168.220.14,45831,1,66,1,.A....
2017-04-06 17:15:47.508,0.0,TCP,16818_170,80,192.168.220.4,58456,1,66,1,.A....
2017-04-10 16:58:33.888,0.04,UDP,192.168.220.10,44791,DNS,53,2,148,1,......
2017-04-11 00:24:34.841,0.283,TCP,14645_180,443,192.168.200.9,49262,5,535,1,.AP.S.
2017-04-05 12:31:24.503,0.0,TCP,192.168.220.7,51492,10223_4,80,1,66,1,.A....
2017-04-05 10:08:03.538,0.249,TCP,192.168.210.4,56034,10199_8,443,3,220,1,.AP...
2017-04-06 11:04:22.896,0.0,TCP,11113_245,443,192.168.220.12,47282,1,54,1,.A...F
2017-04-06 16:40:33.970,0.0,TCP,192.168.200.9,56854,10181_60,443,1,55,1,.A....
2017-04-07 08:17:30.350,0.018,TCP,10501_19,443,192.168.210.5,51255,3,193,1,.AP..F
2017-04-10 14:18:21.998,0.0,UDP,192.168.220.16,41433,DNS,53,2,152,1,......
2017-04-06 14:32:44.588,0.104,TCP,10321_204,443,192.168.220.7,59419,10,25346,1,.AP...
2017-04-11 08:43:21.060,0.0,UDP,DNS,53,192.168.210.5,63334,1,249,1,......
2017-04-06 10:14:44.228,0.0,UDP,DNS,53,192.168.220.4,33042,1,157,1,......
2017-04-10 12:59:43.238,0.0,UDP,192.168.200.4,137,192.168.200.255,137,1,92,1,......
2017-04-11 15:40:54.648,0.03,TCP,192.168.220.8,46015,10107_10,80,2,132,1,.A...F
2017-04-10 10:19:23.021,0.0,TCP,11318_105,443,192.168.200.8,51644,1,66,1,.A....
2017-04-07 15:08:30.408,0.496,TCP,10643_146,443,192.168.220.14,59449,2,856,1,.AP...
2017-04-07 15:33:55.695,0.001,UDP,DNS,53,192.168.200.5,59231,2,324,1,......
2017-04-11 17:35:49.037,0.0,TCP,11062_193,80,192.168.200.9,56616,1,66,1,.A....
2017-04-07 08:33:42.721,0.0,TCP,192.168.220.15,59354,16432_100,80,1,66,1,.A...F
2017-04-11 07:52:08.690,0.074,TCP,192.168.220.4,48486,10241_43,443,11,2368,1,.AP.SF
2017-04-05 10:04:33.862,0.045,TCP,192.168.210.4,54744,10004_10,443,2,598,1,.AP...
2017-04-10 10:09:34.073,0.0,TCP,192.168.220.12,45608,10227_78,443,1,66,1,.A....
2017-04-11 15:54:00.649,0.099,TCP,10616_102,443,192.168.200.4,46673,4,361,1,.AP.S.
2017-04-06 11:30:29.092,0.0,TCP,11149_153,443,192.168.220.9,52748,1,66,1,.A....
2017-04-05 15:52:07.298,0.0,TCP,192.168.220.8,45955,10828_20,443,1,66,1,.A....
2017-04-07 13:04:42.698,0.117,TCP,192.168.220.13,54599,10784_4,443,5,906,1,.AP.S.
2017-04-06 16:18:31.195,0.027,TCP,192.168.220.15,50562,10064_169,443,4,271,1,.APR.F
2017-04-06 09:23:12.569,0.0,TCP,10151_143,443,192.168.220.11,53329,2,139,1,.AP..F
2017-04-05 19:38:59.008,0.0,TCP,192.168.210.5,64060,10578_48,80,1,55,1,.A....
2017-04-10 14:44:08.329,0.0,UDP,192.168.200.9,64558,DNS,53,1,81,1,......
2017-04-05 08:26:11.437,0.0,TCP,192.168.220.13,48001,10937_173,443,1,66,1,.A....
2017-04-10 07:10:06.442,1.062,TCP,192.168.220.15,48727,10704_25,80,3,206,1,.A..S.
2017-04-05 14:07:35.305,0.0,TCP,10063_33,80,192.168.220.8,35352,1,66,1,.A....
2017-04-07 18:10:19.497,0.0,TCP,192.168.210.5,52362,10063_33,443,1,55,1,.A....
2017-04-07 12:27:23.210,0.686,TCP,10163_59,443,192.168.220.14,56315,5,4555,1,.AP.S.
2017-04-10 17:37:06.079,0.001,UDP,DNS,53,192.168.220.13,49228,2,257,1,......
2017-04-09 18:19:15.535,0.004,TCP,192.168.220.5,55030,192.168.100.5,445,2,174,1,.AP...
2017-04-05 09:18:32.267,0.0,TCP,10199_6,80,192.168.210.4,52538,1,54,1,.A...F
2017-04-07 15:29:11.799,0.0,TCP,11062_193,80,192.168.220.11,58588,1,66,1,.A...F
2017-04-06 12:17:56.154,0.017,TCP,10057_29,80,192.168.200.9,62871,3,970,1,.AP.S.
2017-04-10 08:34:53.448,0.0,TCP,16555_60,80,192.168.220.13,51788,1,66,1,.A....
2017-04-05 13:29:27.377,0.0,UDP,192.168.220.10,137,192.168.220.255,137,1,92,1,......
2017-04-05 12:01:27.326,0.0,TCP,192.168.220.6,38966,10116_130,80,1,66,1,.A....
2017-04-05 07:58:59.178,0.002,UDP,192.168.220.15,44997,DNS,53,2,146,1,......
2017-04-11 14:12:27.318,0.0,TCP,12406_66,80,192.168.220.11,46454,1,66,1,.A....
2017-04-07 06:14:54.645,0.0,TCP,192.168.210.5,58870,10088_9,80,1,55,1,.A....
2017-04-10 09:55:26.679,0.849,TCP,10707_83,80,192.168.220.13,41779,5,515,1,.AP.SF
2017-04-06 10:26:49.717,0.0,TCP,10060_27,80,192.168.220.12,53625,1,66,1,.A....
2017-04-06 13:50:47.244,0.004,UDP,192.168.220.12,48167,DNS,53,2,156,1,......
2017-04-05 16:02:10.876,0.0,TCP,11354_82,443,192.168.200.5,54107,2,108,1,.A...F
2017-04-06 15:45:29.728,0.0,TCP,10256_224,443,192.168.220.5,34243,1,66,1,.A....
2017-04-05 09:48:52.509,0.0,TCP,192.168.220.11,44577,14252_211,443,1,66,1,.A....
2017-04-06 10:11:33.940,0.0,UDP,192.168.220.4,40128,DNS,53,2,146,1,......
2017-04-07 11:41:12.388,0.0,TCP,192.168.200.9,60833,10223_4,443,1,55,1,.A....
2017-04-09 11:53:58.375,0.0,UDP,192.168.200.8,53294,DNS,53,1,72,1,......
2017-04-05 07:47:27.322,0.0,TCP,11885_180,443,192.168.220.6,55895,1,66,1,.A....
2017-04-06 17:44:59.457,0.0,UDP,DNS,53,192.168.210.5,63700,1,189,1,......
2017-04-11 10:02:42.549,0.282,TCP,10461_209,443,192.168.200.4,34284,2,1468,1,.AP...
2017-04-06 14:19:59.091,0.921,TCP,10707_86,80,192.168.210.5,59056,6,690,1,.APRSF
2017-04-07 16:25:54.475,0.0,TCP,192.168.220.6,49621,11647_124,443,1,66,1,.A....
2017-04-10 12:12:42.758,0.0,TCP,192.168.220.16,60038,10429_162,443,1,66,1,.A....
2017-04-08 16:02:53.294,0.034,UDP,192.168.220.14,56378,DNS,53,2,170,1,......
2017-04-08 11:16:47.138,0.002,TCP,192.168.220.8,35346,192.168.100.5,445,2,174,1,.AP...
2017-04-05 15:32:51.097,0.107,TCP,10310_169,443,192.168.220.13,54256,2,1367,1,.AP...
2017-04-06 11:11:02.565,0.0,UDP,192.168.200.9,56247,DNS,53,1,80,1,......
2017-04-10 12:41:43.572,0.015,TCP,192.168.220.16,58104,10704_25,80,2,132,1,.A...F
2017-04-08 16:28:48.477,0.023,TCP,10068_34,443,192.168.200.8,64805,5,330,1,.APR.F
2017-04-10 15:00:29.581,0.0,TCP,192.168.220.6,49774,10296_243,80,1,66,1,.A....
2017-04-06 16:49:45.314,0.006,TCP,10057_70,443,192.168.200.8,56998,7,31716,1,.AP...
2017-04-11 00:17:03.244,0.0,UDP,192.168.200.5,5353,10008_251,5353,1,87,1,......
2017-04-07 14:09:42.485,1.715,TCP,15171_154,80,192.168.200.9,52902,4,216,1,.A...F
2017-04-07 13:50:34.924,0.0,TCP,192.168.220.6,50873,10056_92,443,1,66,1,.A....
2017-04-06 10:39:03.137,0.0,TCP,10169_169,80,192.168.220.10,50590,1,66,1,.A....
2017-04-07 08:39:26.808,0.064,TCP,10296_238,443,192.168.220.16,60166,5,505,1,.AP...
2017-04-06 18:27:37.678,0.0,TCP,10296_234,80,192.168.220.7,36143,1,66,1,.A....
2017-04-08 11:32:47.737,0.0,TCP,11014_185,443,192.168.220.7,41992,1,66,1,.A....
2017-04-06 10:25:20.854,0.034,UDP,DNS,53,192.168.220.12,53281,2,241,1,......
2017-04-11 10:50:21.458,0.0,UDP,192.168.220.15,39888,DNS,53,1,71,1,......
2017-04-06 16:19:45.579,0.0,TCP,192.168.220.13,43166,10261_36,443,1,66,1,.A....
2017-04-05 07:58:54.521,5.527,TCP,14253_153,443,192.168.220.15,42810,313,991977,1,.AP.S.
2017-04-06 17:32:18.475,0.0,UDP,DNS,53,192.168.220.15,45910,2,324,1,......
2017-04-07 18:13:58.496,0.0,TCP,11780_171,443,192.168.210.5,53733,1,66,1,.A....
2017-04-10 02:18:46.915,0.101,TCP,14645_180,443,192.168.200.9,49658,5,535,1,.AP.S.
2017-04-07 11:57:19.979,0.0,TCP,192.168.220.6,33019,16886_101,80,1,66,1,.A....
2017-04-07 12:52:51.000,0.0,UDP,DNS,53,192.168.220.13,53486,1,94,1,......
2017-04-05 15:56:54.799,0.165,TCP,11156_192,80,192.168.220.13,51744,2,718,1,.AP.S.
2017-04-11 14:11:45.665,0.0,UDP,192.168.220.14,42050,DNS,53,2,162,1,......
2017-04-09 10:54:05.460,0.024,TCP,192.168.220.13,45623,EXT_SERVER,8082,2,338,1,.AP...
2017-04-07 18:46:32.094,0.0,TCP,192.168.220.8,38119,11404_86,80,1,66,1,.A....
2017-04-11 11:02:41.028,0.0,TCP,10101_145,80,192.168.220.11,38735,1,66,1,.A....
2017-04-11 14:33:44.872,0.0,TCP,192.168.210.5,56776,10642_43,443,1,55,1,.A....
2017-04-07 12:16:58.392,0.0,TCP,10867_112,443,192.168.220.5,53212,1,54,1,.A....
2017-04-10 16:09:21.541,0.671,TCP,192.168.220.14,59718,10517_167,443,4,264,1,.A...F
2017-04-07 14:54:43.433,0.0,TCP,10305_142,443,192.168.200.8,55212,2,108,1,.AP...
2017-04-06 11:03:03.750,0.194,TCP,10296_230,443,192.168.220.12,39773,5,656,1,.AP...
2017-04-10 13:51:04.176,0.0,TCP,192.168.210.5,61186,10081_164,443,1,55,1,.A....
2017-04-10 09:51:33.838,0.042,TCP,10073_64,443,192.168.220.16,39339,5,4998,1,.AP.S.
2017-04-10 10:38:20.413,0.0,TCP,10678_165,80,192.168.220.8,36701,1,54,1,.A....
2017-04-10 13:58:27.556,0.155,TCP,11014_185,443,192.168.220.15,59486,63,84348,1,.AP...
2017-04-05 15:05:04.759,0.0,UDP,192.168.220.7,42826,DNS,53,1,70,1,......
2017-04-10 14:19:31.128,0.0,TCP,192.168.210.5,64967,10394_149,80,1,55,1,.A....
2017-04-08 18:43:16.508,0.0,UDP,DNS,53,192.168.220.7,57614,2,268,1,......
2017-04-06 12:03:51.059,0.0,TCP,11744_27,80,192.168.210.5,52498,1,66,1,.A....
2017-04-10 08:45:49.854,0.281,TCP,192.168.220.4,51021,10005_2,443,14,3468,1,.AP.S.
2017-04-07 08:51:40.191,0.0,TCP,10321_204,443,192.168.210.5,59255,1,66,1,.A....
2017-04-10 12:19:19.542,0.0,TCP,192.168.220.15,59194,10063_33,80,1,66,1,.A....
2017-04-06 14:04:41.971,0.0,TCP,192.168.220.13,38248,12531_146,443,1,66,1,.A....
2017-04-08 04:08:26.914,0.314,TCP,14645_180,443,192.168.200.9,51857,6,627,1,.AP.S.
2017-04-10 14:12:51.341,0.0,TCP,192.168.210.5,63709,10470_18,443,1,55,1,.A....
2017-04-11 12:40:50.487,0.0,TCP,192.168.200.8,54788,10081_164,80,1,55,1,.A....
2017-04-10 16:18:22.082,0.014,TCP,192.168.220.12,47037,10057_29,80,2,132,1,.A...F
2017-04-05 17:04:47.683,0.0,TCP,10349_27,80,192.168.220.7,36726,1,54,1,.A....
2017-04-11 11:30:54.370,0.0,TCP,10056_105,443,192.168.220.11,51160,1,66,1,.A....
2017-04-07 16:31:09.651,0.036,TCP,192.168.220.8,38850,15843_236,443,2,440,1,.AP...
2017-04-07 08:17:16.593,0.026,TCP,192.168.210.5,51153,10064_217,80,2,108,1,.A...F
2017-04-07 16:02:54.290,0.0,TCP,192.168.200.9,61871,10532_180,80,1,55,1,.A....
2017-04-09 05:04:26.247,0.224,TCP,192.168.210.5,58271,10296_228,443,2,154,1,.AP...
2017-04-07 16:47:59.535,0.0,UDP,DNS,53,192.168.200.8,61026,1,249,1,......
2017-04-05 15:14:25.406,0.0,TCP,10057_29,80,192.168.220.11,33992,1,66,1,.A....
2017-04-11 18:23:17.569,0.079,TCP,192.168.200.9,59598,EXT_SERVER,8000,6,639,1,.AP.SF
2017-04-11 11:31:42.323,0.0,UDP,DNS,53,192.168.200.8,54135,1,128,1,......
2017-04-05 14:05:20.295,0.037,TCP,10796_85,443,192.168.220.9,56971,3,377,1,.AP.S.
2017-04-07 07:20:08.052,0.0,TCP,11784_65,443,192.168.210.5,61760,1,66,1,.A....
2017-04-11 10:34:42.622,0.0,TCP,10367_115,443,192.168.200.5,57471,1,54,1,.A....
2017-04-07 14:55:16.084,0.004,TCP,192.168.220.10,54791,192.168.100.5,445,2,174,1,.AP...
2017-04-05 16:07:32.254,0.025,TCP,192.168.220.11,55364,10074_39,443,3,215,1,.AP..F
2017-04-07 15:42:35.002,0.001,UDP,DNS,53,192.168.220.9,39462,2,268,1,......
2017-04-06 13:12:21.561,0.0,UDP,192.168.200.9,52535,DNS,53,1,89,1,......
2017-04-06 06:53:05.657,0.0,TCP,192.168.220.11,48759,10429_162,443,1,66,1,.A....
2017-04-05 02:38:02.126,0.0,TCP,192.168.100.5,445,192.168.220.11,38603,1,108,1,.AP...
2017-04-05 10:46:38.886,0.0,TCP,13072_87,443,192.168.200.4,49170,2,163,1,.AP..F
2017-04-05 13:17:17.126,0.506,TCP,192.168.200.8,50316,10249_91,443,6,979,1,.AP.S.
2017-04-05 13:07:25.235,0.0,TCP,10199_14,80,192.168.220.14,55461,1,812,1,.AP...
2017-04-09 10:11:44.617,0.0,UDP,192.168.220.4,137,192.168.220.255,137,1,92,1,......
2017-04-06 15:21:55.801,0.0,TCP,10837_82,443,192.168.200.4,49153,1,66,1,.A....
2017-04-10 09:20:05.597,0.0,TCP,10143_46,443,192.168.220.10,43867,1,54,1,.A....
2017-04-07 14:41:57.096,0.0,TCP,192.168.220.14,54725,16995_96,443,1,66,1,.A....
2017-04-05 16:35:13.753,0.006,UDP,DNS,53,192.168.220.15,57824,2,192,1,......
2017-04-08 11:08:55.185,0.0,UDP,DNS,53,192.168.220.14,36479,2,330,1,......
2017-04-06 17:44:59.515,0.88,TCP,13717_11,80,192.168.210.5,59902,4,2175,1,.AP.S.
2017-04-07 13:29:18.240,0.067,TCP,192.168.220.5,39268,11027_225,443,2,178,1,.AP...
2017-04-07 10:40:04.754,0.001,UDP,192.168.220.13,33035,DNS,53,2,154,1,......
2017-04-07 12:30:26.607,0.0,TCP,10501_19,443,192.168.220.4,52854,2,163,1,.AP..F
2017-04-09 15:33:28.310,0.0,TCP,192.168.200.8,63653,11249_5,443,1,55,1,.A....
2017-04-05 07:01:27.849,0.0,TCP,16382_114,443,192.168.210.5,60486,1,66,1,.A....
2017-04-05 11:42:32.622,0.266,TCP,10295_67,443,192.168.200.9,61243,10,1726,1,.AP.SF
2017-04-07 00:39:06.911,0.0,UDP,192.168.200.9,60430,DNS,53,1,75,1,......
2017-04-07 06:09:43.739,0.376,TCP,192.168.210.5,57852,10145_27,443,6,1676,1,.AP.S.
2017-04-10 14:30:54.383,0.004,UDP,192.168.220.15,47310,DNS,53,2,142,1,......
2017-04-05 13:22:10.821,0.0,TCP,192.168.220.14,41917,10081_164,80,1,66,1,.A....
2017-04-10 12:12:08.710,0.001,UDP,192.168.220.13,52567,DNS,53,2,162,1,......
2017-04-06 17:35:09.341,0.0,TCP,192.168.220.15,43798,10071_22,80,1,66,1,.A....
2017-04-11 15:54:02.746,0.05,TCP,192.168.200.4,43340,10057_29,80,2,132,1,.A...F
2017-04-11 12:21:04.961,0.695,TCP,192.168.220.4,55396,10619_191,80,3,198,1,.A...F
2017-04-07 14:17:33.306,0.002,UDP,192.168.220.11,50101,DNS,53,2,156,1,......
2017-04-05 16:00:47.890,0.126,TCP,192.168.220.11,51596,10110_13,80,4,663,1,.AP.S.
2017-04-11 18:36:29.499,0.0,TCP,17089_109,80,192.168.210.5,56501,1,66,1,.A....
2017-04-05 11:19:48.047,0.017,TCP,192.168.200.4,46309,10060_27,80,2,140,1,.A..S.
2017-04-07 08:35:04.795,0.0,TCP,10028_249,80,192.168.220.15,39484,1,725,1,.AP...
2017-04-06 07:35:31.303,0.0,TCP,10261_254,443,192.168.220.15,60172,1,66,1,.A....
2017-04-06 11:19:46.109,0.0,TCP,11296_36,443,192.168.220.4,48997,1,66,1,.A....
2017-04-07 13:20:18.005,0.0,TCP,11296_36,443,192.168.220.13,54133,1,66,1,.A....
2017-04-10 16:45:48.670,0.0,TCP,10710_71,80,192.168.220.10,56924,1,66,1,.A....
2017-04-05 13:02:30.706,0.0,UDP,192.168.220.7,40490,DNS,53,1,90,1,......
2017-04-10 10:47:25.936,0.384,TCP,192.168.220.10,51582,11385_16,443,4,264,1,.A...F
2017-04-05 16:25:46.630,0.0,TCP,10056_100,443,192.168.220.6,46904,1,66,1,.A....
2017-04-10 10:00:17.334,1.082,TCP,10057_29,80,192.168.220.9,58654,2,1724,1,.AP...
2017-04-06 09:54:43.146,0.0,TCP,192.168.200.5,51976,10296_230,80,1,66,1,.A....
2017-04-05 11:19:02.822,0.0,TCP,13699_120,443,192.168.220.6,34221,1,66,1,.A....
2017-04-10 22:39:26.970,0.206,TCP,192.168.200.9,64351,14645_180,443,6,1099,1,.AP.S.
2017-04-06 13:25:33.535,0.0,TCP,11744_25,80,192.168.210.5,57058,1,66,1,.A....
2017-04-06 07:58:36.597,0.0,TCP,192.168.220.4,32997,192.168.100.5,445,1,66,1,.A....
2017-04-11 08:43:16.208,0.576,TCP,192.168.220.4,46047,10227_79,443,3,827,1,.AP...
2017-04-05 13:38:17.841,0.0,TCP,10056_20,443,192.168.220.7,43396,1,66,1,.A....
2017-04-10 14:56:08.614,0.0,TCP,192.168.220.9,59225,10321_204,443,1,66,1,.A....
2017-04-05 16:19:26.157,0.0,TCP,12843_2,443,192.168.220.14,44416,2,163,1,.AP..F
2017-04-11 09:46:49.914,0.0,TCP,192.168.100.5,445,192.168.220.10,35267,1,70,1,.AP...
2017-04-07 18:59:34.522,0.0,TCP,10321_204,443,192.168.220.8,40654,1,66,1,.A....
2017-04-11 14:26:10.482,0.0,TCP,10151_220,80,192.168.220.4,46216,1,54,1,.A....
2017-04-09 09:10:36.055,0.948,TCP,192.168.200.8,52218,10527_2,443,13,1499,1,.AP.S.
2017-04-08 16:53:20.505,0.299,TCP,192.168.200.8,60524,10162_129,443,4,486,1,.AP...
2017-04-05 08:02:33.501,0.103,TCP,192.168.220.15,59126,15654_233,80,2,108,1,.A...F
2017-04-05 13:10:34.394,0.0,TCP,12688_60,443,192.168.200.8,63538,1,66,1,.A....
2017-04-07 09:06:05.350,0.0,TCP,12487_124,443,192.168.220.4,52683,2,163,1,.AP..F
2017-04-06 11:46:37.767,0.0,UDP,DNS,53,192.168.220.12,49819,1,102,1,......
2017-04-10 22:34:27.098,0.062,TCP,192.168.200.8,50524,10499_78,443,3,337,1,.AP...
2017-04-05 11:56:05.114,0.0,TCP,192.168.220.13,57138,12421_140,443,1,54,1,.A....
2017-04-05 15:07:42.021,0.042,TCP,10102_54,443,192.168.220.7,51664,3,229,1,.AP..F
2017-04-06 16:04:24.304,0.0,TCP,192.168.100.5,445,192.168.220.8,54080,1,108,1,.AP...
2017-04-07 14:08:17.464,0.0,TCP,192.168.200.4,55048,11025_216,443,1,66,1,.A....
2017-04-06 17:27:47.275,0.0,TCP,10191_163,443,192.168.220.9,33122,3,229,1,.AP..F
2017-04-07 13:51:41.155,0.001,UDP,192.168.200.4,36950,DNS,53,2,144,1,......
2017-04-06 12:37:18.007,0.02,TCP,10073_65,80,192.168.220.13,40703,3,860,1,.AP.S.
2017-04-05 16:23:33.668,0.032,UDP,DNS,53,192.168.220.15,35490,2,330,1,......
2017-04-11 10:59:48.815,0.0,TCP,192.168.200.8,59070,11062_193,80,1,55,1,.A....
2017-04-05 14:39:31.265,0.0,TCP,11034_229,443,192.168.220.6,47853,1,54,1,.A....
2017-04-07 06:14:11.654,0.0,TCP,10784_4,443,192.168.220.9,39084,1,226,1,.AP...
2017-04-08 16:58:52.743,0.0,TCP,10060_27,80,192.168.220.7,46781,1,66,1,.A....
2017-04-11 13:15:46.496,0.0,UDP,192.168.220.12,138,192.168.220.255,138,1,262,1,......
2017-04-08 06:51:38.553,0.0,UDP,192.168.220.5,138,192.168.220.255,138,1,262,1,......
2017-04-07 14:27:30.402,0.0,TCP,10357_167,443,192.168.200.4,43524,1,66,1,.A....
2017-04-10 10:56:31.244,0.0,TCP,11062_193,80,192.168.200.9,52505,1,66,1,.A....
2017-04-07 14:47:37.818,0.0,TCP,10321_204,443,192.168.220.11,56333,1,66,1,.A....
2017-04-07 12:54:30.597,0.343,TCP,192.168.220.11,53596,10847_122,443,2,132,1,.A...F
2017-04-10 09:39:39.218,0.03,TCP,11192_136,443,192.168.220.6,51696,5,959,1,.AP..F
2017-04-05 11:43:40.380,0.024,TCP,192.168.220.15,60204,10163_9,443,3,193,1,.AP..F
2017-04-11 18:41:34.029,0.0,UDP,DNS,53,192.168.210.5,56842,1,184,1,......
2017-04-10 13:19:17.139,0.092,TCP,192.168.200.4,43237,10124_1,80,5,769,1,.AP.SF
2017-04-10 18:16:10.701,0.0,TCP,16899_128,80,192.168.220.15,55570,1,66,1,.A...F
2017-04-05 10:03:30.197,0.0,TCP,192.168.200.4,48363,11191_163,443,1,66,1,.A...F
2017-04-07 15:56:49.350,0.005,TCP,192.168.220.14,51461,192.168.100.5,445,2,174,1,.AP...
2017-04-05 07:12:12.408,0.184,TCP,192.168.220.15,51025,10263_185,443,13,2217,1,.AP.S.
2017-04-11 15:53:41.688,0.0,TCP,17091_82,443,192.168.200.4,41342,1,66,1,.A....
2017-04-11 11:16:31.585,0.047,TCP,10796_85,443,192.168.220.15,54821,4,2882,1,.AP...
2017-04-11 16:48:39.506,0.0,TCP,10056_104,443,192.168.220.8,41536,1,66,1,.A....
2017-04-08 19:14:39.822,0.306,TCP,192.168.200.8,65445,10832_244,443,6,1923,1,.AP.S.
2017-04-10 13:41:15.189,0.007,UDP,192.168.220.9,53830,DNS,53,2,158,1,......
2017-04-06 10:23:30.512,0.0,TCP,192.168.220.12,32871,10276_216,80,1,54,1,.A....
2017-04-06 06:21:11.902,0.0,TCP,11184_35,443,192.168.210.5,57527,1,66,1,.A....
2017-04-05 12:16:23.348,0.0,TCP,10561_14,80,192.168.220.15,35526,1,66,1,.A...F
2017-04-05 02:00:36.528,0.0,UDP,192.168.220.8,137,192.168.220.255,137,1,92,1,......
2017-04-10 08:16:25.540,0.04,TCP,10056_235,443,192.168.220.6,36703,8,7533,1,.AP.S.
2017-04-05 12:54:21.178,0.0,TCP,10199_6,80,192.168.220.13,58884,1,66,1,.A....
2017-04-07 18:56:11.429,2.422,TCP,10743_1,443,192.168.220.8,33560,7,5346,1,.AP.S.
2017-04-10 11:23:15.932,0.0,TCP,10305_138,443,192.168.220.8,49982,3,198,1,.A...F
2017-04-07 14:55:58.985,0.439,TCP,10135_94,443,192.168.200.8,55582,6,5474,1,.AP.S.
2017-04-05 13:33:21.900,0.0,TCP,16555_60,443,192.168.220.15,54764,1,66,1,.A....
2017-04-06 10:58:41.022,0.0,TCP,10256_224,443,192.168.220.12,59162,1,1054,1,.AP...
2017-04-09 09:19:43.499,0.0,TCP,10154_42,443,192.168.200.8,53100,1,66,1,.A....
2017-04-07 16:50:01.223,0.0,UDP,192.168.200.8,55879,10031_250,1900,2,332,1,......
2017-04-11 13:57:49.275,0.0,TCP,192.168.220.13,44876,10083_129,80,1,66,1,.A...F
2017-04-11 08:48:25.832,2.703,TCP,10609_250,443,192.168.210.5,53040,15,8359,1,.AP.S.
2017-04-06 11:49:46.635,0.038,TCP,10587_194,443,192.168.200.8,61128,5,330,1,.APR.F
2017-04-11 07:21:24.428,0.0,TCP,10037_86,80,192.168.220.4,35483,1,66,1,.A....
2017-04-11 15:46:03.109,0.047,TCP,192.168.220.8,56102,10135_93,443,3,2274,1,.AP...
2017-04-07 20:39:14.148,0.0,UDP,DNS,53,192.168.210.5,55541,1,91,1,......
2017-04-05 11:04:04.133,0.0,TCP,192.168.220.9,48363,10541_234,80,1,66,1,.A....
2017-04-07 15:36:54.500,0.004,UDP,192.168.200.5,49610,DNS,53,2,160,1,......
2017-04-11 10:44:58.375,0.0,TCP,192.168.220.15,46056,10094_75,80,1,66,1,.A....
2017-04-11 18:36:57.547,0.0,TCP,192.168.200.8,64587,10470_18,443,1,55,1,.A....
2017-04-07 15:54:24.526,0.0,TCP,192.168.200.9,59912,15171_155,80,1,55,1,.A....
2017-04-10 13:22:00.581,0.0,TCP,10056_18,443,192.168.200.4,58097,1,66,1,.A....
2017-04-08 13:56:16.802,0.0,TCP,10296_230,80,192.168.220.7,41172,1,66,1,.A....
2017-04-11 14:34:45.301,0.796,TCP,10056_161,443,192.168.210.5,57339,17,23000,1,.AP.S.
2017-04-10 12:51:08.905,0.087,TCP,10001_232,443,192.168.220.10,45445,3,229,1,.AP..F
2017-04-05 12:51:43.829,0.035,TCP,10438_216,80,192.168.220.15,55647,3,2274,1,.AP.S.
2017-04-07 14:32:46.508,0.0,TCP,10060_27,80,192.168.220.12,52602,1,66,1,.A....
2017-04-06 06:54:21.930,0.206,TCP,192.168.220.11,43957,10607_84,443,7,1027,1,.AP...
2017-04-07 10:04:50.922,0.0,TCP,192.168.200.8,61087,10296_243,80,1,55,1,.A....
2017-04-10 18:09:52.693,0.014,TCP,192.168.220.14,52291,10026_249,80,2,457,1,.AP...
2017-04-08 02:16:20.499,0.0,TCP,EXT_SERVER,8082,192.168.220.13,45623,1,212,1,.AP...
2017-04-06 15:23:39.602,1.569,TCP,192.168.200.4,32885,12966_101,443,13,1743,1,.AP...
2017-04-06 11:31:46.721,0.003,TCP,10582_68,443,192.168.220.7,58920,2,108,1,.A...F
2017-04-07 08:44:12.778,0.0,TCP,192.168.220.16,48767,10348_197,443,2,108,1,...R..
2017-04-10 16:42:27.304,0.036,TCP,192.168.220.10,55372,12324_27,80,3,624,1,.AP...
2017-04-06 12:31:22.696,0.0,TCP,10060_27,80,192.168.220.11,48045,1,66,1,.A....
2017-04-08 21:09:26.153,0.0,UDP,192.168.100.3,5353,10008_251,5353,1,87,1,......
2017-04-10 10:58:08.147,0.068,TCP,11184_35,443,192.168.220.4,48381,4,424,1,.AP.S.
2017-04-07 14:58:16.525,0.0,UDP,192.168.210.5,57636,DNS,53,1,76,1,......
2017-04-11 06:17:46.910,0.0,TCP,10081_164,443,192.168.220.11,38374,1,66,1,.A....
2017-04-10 12:28:31.223,0.0,TCP,10132_239,80,192.168.220.4,58989,1,54,1,...R..
2017-04-11 12:03:30.896,0.0,UDP,DNS,53,192.168.200.4,35566,2,246,1,......
2017-04-11 08:09:14.493,0.003,TCP,192.168.220.13,59935,10057_29,80,4,1126,1,.AP...
2017-04-11 13:53:08.368,0.024,TCP,192.168.220.14,46337,10793_174,80,2,132,1,.A...F
2017-04-11 09:13:47.970,0.0,TCP,192.168.220.4,47660,10184_177,443,1,66,1,.A....
2017-04-07 15:59:08.159,1.377,TCP,10086_192,80,192.168.200.8,62965,6,4066,1,.AP...
2017-04-11 12:52:26.404,0.0,TCP,192.168.220.11,41841,10026_68,80,1,66,1,.A....
2017-04-07 07:41:32.794,0.358,TCP,192.168.220.15,49281,10064_169,443,48,6620,1,.AP.S.
2017-04-11 14:14:41.022,0.0,TCP,10163_16,80,192.168.200.4,37082,1,66,1,.A..S.
2017-04-05 12:15:52.867,0.019,TCP,10380_123,80,192.168.220.15,53470,5,7464,1,.AP.S.
2017-04-05 10:26:19.425,0.0,UDP,192.168.210.4,51983,DNS,53,1,76,1,......
2017-04-11 09:12:46.872,1.107,TCP,192.168.220.13,35737,10085_100,443,34,7776,1,.AP.S.
2017-04-06 17:45:11.047,0.0,TCP,192.168.210.5,59965,10321_204,443,1,55,1,.A....
2017-04-05 00:53:28.358,0.0,TCP,192.168.100.5,445,192.168.220.13,44606,1,108,1,.AP...
2017-04-06 08:39:10.947,0.1,TCP,192.168.220.4,38285,11695_205,80,50,4391,1,.AP.SF
2017-04-06 12:00:56.914,0.021,TCP,192.168.220.13,42203,EXT_SERVER,8082,2,338,1,.AP...
2017-04-11 12:04:32.052,0.004,UDP,DNS,53,192.168.200.4,36580,2,396,1,......
2017-04-06 06:18:28.234,0.0,TCP,11009_216,443,192.168.220.4,45586,1,66,1,.A....
2017-04-11 17:01:02.722,0.0,TCP,192.168.220.15,40066,11056_172,443,1,74,1,....S.
2017-04-10 12:16:11.967,0.0,TCP,10076_237,80,192.168.220.15,44897,1,66,1,.A....
2017-04-05 07:36:58.552,0.0,TCP,192.168.220.7,54540,11744_27,80,1,66,1,.A....
2017-04-11 13:56:43.554,0.0,UDP,192.168.220.14,48393,DNS,53,2,172,1,......
2017-04-05 16:18:36.909,0.0,TCP,16449_78,443,192.168.220.14,46467,1,66,1,.A....
2017-04-06 06:01:45.074,0.0,UDP,192.168.220.6,47535,DNS,53,2,148,1,......
2017-04-06 15:32:27.780,0.0,TCP,10088_9,80,192.168.220.12,34602,1,66,1,.A....
2017-04-11 01:37:44.264,0.076,TCP,192.168.200.9,50201,10004_7,443,2,166,1,.AP...
2017-04-10 07:39:32.404,0.152,TCP,192.168.200.8,60524,10162_129,443,3,386,1,.AP...
2017-04-11 16:47:23.478,0.53,TCP,192.168.220.9,51863,10032_128,443,9,1481,1,.AP.S.
2017-04-07 13:19:06.087,0.0,TCP,10296_234,80,192.168.220.8,40361,1,66,1,.A....
2017-04-08 12:24:51.725,0.263,TCP,192.168.200.8,63894,10296_238,443,2,166,1,.AP...
2017-04-06 17:46:10.832,0.0,TCP,192.168.210.5,59782,10394_149,80,1,55,1,.A....
2017-04-05 15:38:02.028,0.004,UDP,DNS,53,192.168.220.13,39527,2,226,1,......
2017-04-05 12:00:11.972,1.006,TCP,192.168.220.6,58065,14253_105,80,3,206,1,.A..S.
2017-04-11 07:18:29.812,0.016,TCP,10005_14,80,192.168.220.4,45134,2,132,1,.A...F
2017-04-07 07:35:49.591,0.393,TCP,11484_142,443,192.168.210.5,65219,3,205,1,.AP..F
2017-04-05 07:57:00.209,0.001,UDP,DNS,53,192.168.220.6,50529,2,223,1,......
2017-04-07 09:54:24.670,0.001,TCP,192.168.200.4,54771,192.168.100.5,445,2,174,1,.AP...
2017-04-07 20:08:19.767,0.0,TCP,192.168.100.5,445,192.168.220.11,56173,1,108,1,.AP...
2017-04-10 09:58:06.881,0.019,TCP,192.168.220.13,45078,10538_97,80,2,546,1,.AP...
2017-04-05 07:06:12.702,0.0,UDP,192.168.210.5,61356,DNS,53,1,74,1,......
2017-04-10 07:05:09.662,0.002,TCP,192.168.200.4,48646,192.168.100.5,445,2,174,1,.AP...
2017-04-05 15:15:57.276,0.003,UDP,DNS,53,192.168.220.11,58072,2,388,1,......
2017-04-05 15:57:17.986,0.062,TCP,10578_200,443,192.168.210.5,62578,5,9046,1,.AP.S.
2017-04-08 07:18:22.727,0.0,TCP,192.168.220.7,56421,10609_250,443,2,185,1,.AP..F
2017-04-05 12:21:21.392,0.0,TCP,192.168.220.7,43826,10026_207,443,1,66,1,.A....
2017-04-05 19:41:32.558,0.022,TCP,192.168.210.5,64815,10296_232,80,2,120,1,.A..S.
2017-04-05 12:04:12.418,0.11,TCP,10801_117,80,192.168.220.6,53173,2,108,1,.A...F
2017-04-07 16:41:22.805,0.0,UDP,192.168.200.5,39012,DNS,53,2,150,1,......
2017-04-08 16:03:21.770,0.094,TCP,10278_34,443,192.168.220.14,43001,5,531,1,.AP...
2017-04-11 20:00:39.794,0.0,TCP,192.168.210.5,63103,10026_175,80,1,55,1,.A....
2017-04-10 10:14:36.576,0.0,TCP,10587_162,80,192.168.220.6,57453,1,74,1,.A..S.
2017-04-07 14:45:54.299,0.0,TCP,192.168.200.8,52814,10183_96,80,1,55,1,.A....
2017-04-07 14:26:28.430,0.058,TCP,192.168.220.4,59528,10296_228,443,2,178,1,.AP...
2017-04-11 17:11:19.355,0.505,TCP,192.168.220.14,46324,10575_79,443,32,2925,1,.AP...
2017-04-07 14:17:35.301,0.0,TCP,15425_91,80,192.168.200.4,46085,1,66,1,.A....
2017-04-07 22:22:31.024,0.0,UDP,192.168.200.4,137,192.168.200.255,137,1,92,1,......
2017-04-07 00:42:26.911,0.128,TCP,14645_180,443,192.168.200.9,62324,5,535,1,.AP.S.
2017-04-06 07:39:44.147,0.0,TCP,192.168.210.5,59704,10145_27,443,1,55,1,.A....
2017-04-07 08:10:08.094,0.0,UDP,192.168.210.5,53507,DNS,53,1,71,1,......
2017-04-11 13:57:53.243,0.0,TCP,192.168.220.13,34521,10063_33,80,1,66,1,.A....
2017-04-05 10:03:56.740,0.0,TCP,192.168.220.11,58106,10199_14,80,1,66,1,.A....
2017-04-06 17:57:06.695,0.0,UDP,192.168.220.7,35954,DNS,53,2,152,1,......
2017-04-05 10:05:39.006,0.289,TCP,10480_16,443,192.168.210.4,55818,5,1302,1,.AP.S.
2017-04-06 16:47:11.935,0.0,TCP,10194_76,443,192.168.210.5,54361,1,54,1,.A....
2017-04-07 18:01:59.528,0.004,TCP,192.168.220.11,56173,192.168.100.5,445,2,174,1,.AP...
2017-04-06 11:30:16.254,2.062,TCP,10296_238,443,192.168.220.9,44578,58,23229,1,.AP.S.
2017-04-11 18:59:00.917,0.023,TCP,192.168.220.8,38668,10193_2,80,2,140,1,.A..S.
2017-04-11 06:15:32.305,1.219,TCP,10073_65,443,192.168.220.11,42503,8,6958,1,.AP.S.
2017-04-10 10:16:06.580,0.024,TCP,10118_56,443,192.168.220.6,46550,3,229,1,.AP..F
2017-04-08 16:40:02.164,0.004,UDP,192.168.220.14,42874,DNS,53,2,164,1,......
2017-04-07 12:53:58.844,0.0,TCP,10060_27,80,192.168.220.5,35940,1,74,1,.A..S.
2017-04-07 13:56:21.594,0.021,TCP,192.168.220.11,60001,11552_44,80,2,140,1,.A..S.
2017-04-06 16:19:29.742,0.014,TCP,192.168.220.7,36617,12189_198,80,2,140,1,.A..S.
2017-04-06 15:28:08.656,0.0,TCP,192.168.200.4,37484,11413_15,443,1,66,1,.A....
2017-04-11 14:59:17.182,0.082,TCP,10793_166,443,192.168.220.14,41202,25,42686,1,.AP...
2017-04-10 09:01:00.574,0.042,TCP,16402_194,80,192.168.220.10,40017,2,881,1,.AP...
2017-04-05 19:22:52.652,0.0,TCP,192.168.100.5,445,192.168.220.6,36437,1,108,1,.AP...
2017-04-07 15:07:45.715,0.0,TCP,192.168.220.8,51937,10056_89,443,1,66,1,.A....
2017-04-11 09:37:00.453,0.0,TCP,192.168.220.15,52654,11718_205,443,1,66,1,.A...F
2017-04-08 12:27:00.327,0.005,TCP,192.168.220.4,37171,192.168.100.5,445,2,174,1,.AP...
2017-04-09 10:32:59.509,0.0,TCP,192.168.100.5,445,192.168.220.9,55074,1,108,1,.AP...
2017-04-07 17:19:29.696,0.067,TCP,192.168.220.15,49962,10171_251,443,2,132,1,.A...F
2017-04-08 12:58:50.604,0.0,TCP,11889_144,443,192.168.220.7,58237,1,66,1,.A....
2017-04-11 13:59:44.230,0.106,TCP,192.168.220.4,32872,14077_71,80,2,140,1,.A..S.
2017-04-11 10:36:24.187,0.0,TCP,192.168.220.11,56498,10223_4,80,1,66,1,.A....
2017-04-07 11:54:10.079,0.0,TCP,10315_252,80,192.168.210.5,53497,1,66,1,.A....
2017-04-06 14:55:18.974,0.0,TCP,192.168.220.7,55907,10784_4,443,2,108,1,...R..
2017-04-05 17:12:05.894,0.073,TCP,10296_228,443,192.168.200.8,60913,5,956,1,.AP...
2017-04-06 16:17:51.647,0.0,TCP,11014_185,443,192.168.220.10,44029,4,317,1,.AP..F
2017-04-07 16:19:58.406,0.0,TCP,11319_160,80,192.168.220.8,49589,2,1056,1,.AP...
2017-04-05 10:19:49.074,0.0,TCP,192.168.220.16,56354,10199_6,80,1,66,1,.A....
2017-04-06 11:57:32.194,0.0,TCP,10180_116,443,192.168.220.7,38879,1,66,1,.A....
2017-04-11 17:35:55.505,0.0,TCP,192.168.200.9,56469,11062_193,80,1,55,1,.A....
2017-04-06 14:25:12.711,0.0,TCP,10077_156,80,192.168.210.5,60762,1,66,1,.A....
2017-04-07 09:03:08.960,0.0,TCP,10063_205,443,192.168.210.5,61354,3,193,1,.APR..
2017-04-10 12:47:14.151,0.0,TCP,192.168.220.15,48006,12555_101,443,1,66,1,.A....
2017-04-08 13:56:24.857,0.0,TCP,10063_33,443,192.168.220.7,38378,1,66,1,.A....
2017-04-06 13:43:07.791,0.0,TCP,10171_234,80,192.168.220.13,60044,1,66,1,.A...F
2017-04-10 15:27:33.782,0.0,UDP,192.168.220.14,60643,DNS,53,2,144,1,......
2017-04-10 06:33:43.653,0.0,TCP,10056_221,443,192.168.220.4,54174,1,66,1,.A....
2017-04-08 11:24:17.177,0.103,TCP,15045_104,80,192.168.220.7,43466,3,1206,1,.AP.S.
2017-04-11 23:23:26.947,0.061,TCP,192.168.200.8,53206,EXT_SERVER,8000,6,649,1,.AP.SF
2017-04-06 16:48:36.695,0.0,UDP,192.168.200.9,61959,DNS,53,1,73,1,......
2017-04-05 07:45:30.721,0.0,TCP,14252_196,443,192.168.220.4,56606,1,66,1,.A....
2017-04-06 07:39:39.165,0.0,TCP,192.168.210.5,59624,10060_27,80,1,55,1,.A....
2017-04-06 11:53:41.304,0.123,TCP,10063_33,80,192.168.200.8,64243,6,12732,1,.AP...
2017-04-11 08:42:30.479,0.0,TCP,17091_82,443,192.168.210.5,51373,1,66,1,.A....
2017-04-07 12:44:23.000,0.968,TCP,192.168.220.12,60189,10106_93,443,14,3034,1,.AP.S.
2017-04-06 18:05:41.786,0.0,UDP,DNS,53,192.168.210.5,61819,1,175,1,......
2017-04-07 16:09:00.884,0.0,TCP,11014_185,443,192.168.220.8,59467,1,66,1,.A....
2017-04-05 18:30:22.167,0.099,TCP,192.168.220.7,45010,10532_180,443,9,1245,1,.AP.S.
2017-04-06 08:43:03.480,0.0,TCP,10022_175,80,192.168.220.10,52817,1,66,1,.A....
2017-04-08 21:45:19.237,0.227,TCP,192.168.200.8,60524,10162_129,443,2,154,1,.AP...
2017-04-08 16:06:57.437,0.0,TCP,10057_29,80,192.168.220.14,44255,1,66,1,.A...F
2017-04-07 13:49:28.835,0.181,TCP,10653_185,443,192.168.200.4,50556,2,163,1,.AP..F
2017-04-10 16:08:16.548,0.0,TCP,192.168.220.14,42023,11062_193,80,1,66,1,.A....
2017-04-08 22:13:30.486,0.0,TCP,192.168.100.5,445,192.168.220.11,56173,1,108,1,.AP...
2017-04-07 13:34:41.539,0.0,TCP,10055_190,443,192.168.220.16,41719,1,66,1,.A....
2017-04-08 13:58:47.894,0.0,TCP,192.168.220.7,50026,10288_91,80,1,54,1,.A...F
2017-04-09 10:07:22.337,0.0,UDP,192.168.220.13,137,192.168.220.255,137,1,92,1,......
2017-04-05 17:20:15.626,0.0,UDP,192.168.200.9,61812,DNS,53,1,75,1,......
2017-04-10 16:32:36.098,0.0,TCP,192.168.220.10,37824,10296_238,80,1,66,1,.A....
2017-04-06 15:10:35.559,0.052,TCP,192.168.220.15,45395,16453_228,443,2,149,1,.AP...
2017-04-10 08:46:22.531,0.001,TCP,10195_190,443,192.168.220.4,50473,2,163,1,.AP..F
2017-04-06 11:43:23.058,0.0,TCP,192.168.210.5,49604,11014_185,443,2,108,1,.A...F
2017-04-05 11:48:41.129,0.0,TCP,10707_85,80,192.168.200.9,63270,1,54,1,.A...F
2017-04-06 15:58:16.759,0.0,TCP,10026_249,80,192.168.220.9,58326,1,66,1,.A....
2017-04-06 16:19:28.879,0.117,TCP,192.168.220.7,36959,10074_39,443,9,1205,1,.AP.S.
2017-04-09 12:12:01.308,0.0,TCP,192.168.100.5,445,192.168.220.9,55074,1,70,1,.AP...
2017-04-11 12:52:18.275,0.0,TCP,192.168.220.11,49885,11570_248,443,1,66,1,.A....
2017-04-10 14:30:02.837,0.0,TCP,192.168.220.15,58527,11639_174,443,1,66,1,.A....
2017-04-10 10:56:22.826,0.0,TCP,192.168.220.13,50549,10191_163,443,1,66,1,.A....
2017-04-10 09:54:24.296,0.0,TCP,192.168.220.13,46964,10337_11,443,1,66,1,.A....
2017-04-05 14:33:40.806,0.0,TCP,11444_226,443,192.168.210.5,52668,1,66,1,.A....
2017-04-07 15:57:35.723,0.037,TCP,192.168.200.9,59929,11027_34,443,5,393,1,.AP..F
2017-04-05 15:40:52.829,0.0,TCP,192.168.220.7,37410,11555_193,80,1,66,1,.A....
2017-04-06 14:30:37.571,0.032,TCP,10069_70,80,192.168.220.6,57979,5,724,1,.AP.SF
2017-04-06 15:52:29.633,0.0,TCP,192.168.200.4,33041,10086_192,80,1,66,1,.A....
2017-04-11 13:24:03.577,0.0,TCP,192.168.200.9,49688,10826_232,443,1,55,1,.A....
2017-04-05 09:50:58.386,0.0,TCP,10081_164,80,192.168.220.11,52889,1,66,1,.A....
2017-04-07 16:06:11.672,0.0,TCP,10185_51,443,192.168.220.8,37920,1,66,1,.A....
2017-04-10 13:32:54.192,0.343,TCP,192.168.220.10,56375,12487_124,443,12,1118,1,.AP.S.
2017-04-07 11:25:02.251,1.868,TCP,10539_186,443,192.168.220.11,51273,3,671,1,.AP..F
2017-04-11 11:21:37.984,0.032,TCP,10793_174,80,192.168.200.9,56627,3,920,1,.AP.S.
2017-04-08 16:05:10.774,0.434,TCP,10060_27,80,192.168.220.14,52834,6,3942,1,.AP.S.
2017-04-10 13:46:07.168,0.032,TCP,192.168.210.5,61119,10171_252,443,4,269,1,.AP..F
2017-04-06 12:20:53.691,0.0,TCP,192.168.220.11,44396,10143_90,80,1,54,1,.A....
2017-04-05 14:30:49.092,0.59,TCP,10150_212,443,192.168.220.9,45524,5,6214,1,.AP.S.
2017-04-06 15:46:36.242,0.0,TCP,11826_111,80,192.168.220.10,36473,1,66,1,.A....
2017-04-10 06:54:25.966,0.0,TCP,10499_46,80,192.168.200.8,64896,1,66,1,.A....
2017-04-06 12:33:15.663,0.0,TCP,10224_162,80,192.168.200.4,40754,1,54,1,.A....
2017-04-10 12:44:00.729,0.0,TCP,192.168.220.16,60191,11062_193,80,1,66,1,.A....
2017-04-05 15:59:31.576,0.0,UDP,DNS,53,192.168.220.14,37081,1,150,1,......
2017-04-06 10:19:01.760,0.124,TCP,10145_27,443,192.168.220.7,43431,4,1394,1,.AP...
2017-04-07 14:39:28.498,0.0,UDP,DNS,53,192.168.200.8,59765,1,197,1,......
2017-04-07 16:19:41.069,0.0,TCP,10181_60,443,192.168.220.8,34191,1,66,1,.A....
2017-04-05 17:31:35.622,0.0,TCP,10296_228,80,192.168.220.15,52882,2,132,1,.A...F
2017-04-05 14:53:17.349,0.0,TCP,10060_27,80,192.168.220.13,49557,1,66,1,.A....
2017-04-05 14:41:44.192,0.12,TCP,10321_204,443,192.168.220.6,35897,6,1782,1,.AP.S.
2017-04-10 16:44:02.539,0.025,TCP,192.168.220.13,45623,EXT_SERVER,8082,2,338,1,.AP...
2017-04-07 12:45:10.890,0.0,TCP,10060_27,80,192.168.220.8,46463,1,66,1,.A....
2017-04-05 17:15:30.283,0.0,UDP,DNS,53,192.168.220.13,36962,2,336,1,......
2017-04-10 17:05:21.147,1.673,TCP,192.168.220.9,37454,10058_155,443,10,1412,1,.AP.S.
2017-04-08 17:54:02.099,0.001,TCP,192.168.220.6,35457,192.168.100.5,445,2,174,1,.AP...
2017-04-10 12:01:13.958,3.866,TCP,10193_2,443,192.168.210.5,50151,43,39683,1,.AP.S.
2017-04-09 19:31:55.088,0.0,UDP,DNS,53,192.168.210.4,62585,1,91,1,......
2017-04-06 12:48:17.058,0.0,TCP,11826_111,443,192.168.220.5,52483,1,66,1,.A....
2017-04-11 10:10:59.137,0.599,TCP,10714_139,443,192.168.220.8,58314,5,723,1,.AP.SF
2017-04-06 08:38:52.922,0.001,UDP,192.168.220.4,47901,DNS,53,2,144,1,......
